GRE_Score,TOEFL_Score,IELTS_Score,CGPA,University_Rating,SOP,LOR,Research,Publications,Work_Experience_Months,Internship,Leadership_Score,Awards_Count,Country,Target_Program,Graduation_Year,Scholarship_Awarded
295.0,96.0,7.5,2.93,2,4.9,1.7,0,1,8,No,5,0,Nepal,EMJM Cyber,2024,No
340.0,119.0,9.0,3.76,3,4.1,1.7,0,1,31,Yes,4,0,Pakistan,EMJM Cyber,2025,No
336.0,96.0,7.5,3.12,1,3.2,1.8,1,2,29,Yes,4,1,Bangladesh,EMJM Cyber,2022,No
337.0,108.0,8.0,2.11,4,3.4,1.3,0,0,35,Yes,3,0,Bangladesh,EMJM DS,2025,No
323.0,98.0,7.5,3.4,1,1.1,1.3,0,1,16,Yes,2,0,India,EMJM DS,2025,No
302.0,110.0,8.5,3.89,2,4.3,1.7,0,2,6,No,5,1,Nepal,EMJM Cyber,2025,No
335.0,112.0,8.5,3.16,3,1.5,3.0,0,0,28,Yes,3,0,Pakistan,EMJM AI,2024,No
332.0,115.0,8.5,2.21,2,2.2,1.3,1,1,27,Yes,2,0,Nepal,EMJM DS,2025,No
330.0,110.0,8.5,3.17,2,2.9,4.7,0,0,20,Yes,6,0,India,EMJM AI,2024,No
296.0,107.0,8.0,3.42,2,1.5,3.2,0,0,3,No,3,0,Bangladesh,EMJM Cyber,2023,No
308.0,120.0,9.0,2.49,5,1.3,4.6,0,0,9,No,4,0,Bangladesh,EMJM DS,2024,No
317.0,96.0,7.5,3.22,1,1.9,2.4,1,2,25,Yes,3,1,India,EMJM AI,2024,No
301.0,118.0,9.0,3.49,4,5.0,2.8,1,1,17,Yes,6,0,Pakistan,EMJM Cyber,2024,Yes
327.0,100.0,7.5,3.58,3,4.3,3.6,1,3,24,Yes,6,1,Nepal,EMJM DS,2025,Yes
325.0,99.0,7.5,2.05,3,1.8,3.9,1,1,29,Yes,4,0,India,EMJM Cyber,2023,No
331.0,116.0,8.5,3.31,2,3.0,3.7,1,2,32,Yes,5,1,Pakistan,EMJM DS,2025,Yes
305.0,107.0,8.0,2.13,4,4.6,3.3,1,0,7,Yes,6,0,Nepal,EMJM Cyber,2023,No
323.0,111.0,8.5,3.39,5,4.4,2.6,0,0,22,Yes,5,0,Nepal,EMJM DS,2025,No
315.0,96.0,7.5,3.85,1,2.7,3.4,1,2,24,Yes,5,1,Bangladesh,EMJM DS,2025,No
327.0,101.0,7.5,3.36,2,4.4,1.6,1,2,18,Yes,5,1,Nepal,EMJM Cyber,2024,Yes
308.0,103.0,8.0,2.75,3,3.6,2.6,1,1,15,Yes,5,0,India,EMJM AI,2023,No
338.0,99.0,7.5,3.88,2,2.2,2.7,0,2,36,Yes,4,1,India,EMJM AI,2024,No
313.0,117.0,8.5,2.19,4,3.5,2.2,0,0,23,Yes,4,0,Pakistan,EMJM DS,2023,No
296.0,120.0,9.0,2.89,5,2.1,3.7,0,0,9,No,4,0,Pakistan,EMJM DS,2025,No
316.0,107.0,8.0,3.2,4,2.6,2.9,0,0,25,Yes,4,0,Nepal,EMJM AI,2023,No
324.0,100.0,7.5,4.0,1,3.0,4.6,0,3,29,Yes,6,1,India,EMJM AI,2023,No
300.0,112.0,8.5,3.21,2,1.6,4.5,1,1,11,Yes,5,0,Pakistan,EMJM AI,2024,Yes
337.0,107.0,8.0,2.23,2,2.2,4.1,1,1,35,Yes,5,0,Bangladesh,EMJM Cyber,2023,No
337.0,98.0,7.5,2.62,4,2.6,2.6,1,2,29,Yes,4,1,Pakistan,EMJM Cyber,2025,No
328.0,99.0,7.5,2.65,4,3.9,4.5,1,2,19,Yes,7,1,India,EMJM DS,2023,Yes
339.0,104.0,8.0,2.75,5,4.8,4.7,0,0,24,Yes,7,0,Bangladesh,EMJM DS,2023,No
337.0,116.0,8.5,3.68,2,2.0,3.7,0,1,35,Yes,4,0,Bangladesh,EMJM Cyber,2023,No
325.0,101.0,7.5,3.16,5,2.0,1.4,1,2,23,Yes,2,1,Nepal,EMJM DS,2023,Yes
327.0,103.0,8.0,3.08,3,3.4,2.4,0,0,18,Yes,4,0,Pakistan,EMJM DS,2025,No
306.0,108.0,8.0,2.74,4,1.1,2.5,1,1,14,Yes,3,0,Nepal,EMJM DS,2023,No
337.0,93.0,7.0,2.77,2,4.6,3.0,1,1,23,Yes,6,0,Nepal,EMJM Cyber,2022,No
333.0,100.0,7.5,2.61,5,3.6,3.7,1,1,27,Yes,6,0,India,EMJM AI,2023,Yes
340.0,102.0,8.0,2.84,1,3.3,2.6,1,2,31,Yes,4,1,Bangladesh,EMJM AI,2024,No
323.0,114.0,8.5,3.32,5,1.7,3.4,0,0,16,Yes,4,0,Bangladesh,EMJM Cyber,2023,No
304.0,98.0,7.5,2.13,4,2.6,3.4,1,0,19,Yes,5,0,Pakistan,EMJM DS,2025,No
327.0,93.0,7.0,3.8,5,3.3,2.2,0,2,30,Yes,4,1,India,EMJM AI,2022,No
296.0,109.0,8.0,2.42,1,1.1,4.5,1,0,9,Yes,4,0,Bangladesh,EMJM Cyber,2023,No
322.0,97.0,7.5,3.56,1,1.3,4.0,1,3,22,Yes,4,1,India,EMJM DS,2022,No
305.0,101.0,7.5,3.3,2,3.3,1.2,1,2,13,Yes,3,1,Nepal,EMJM Cyber,2024,No
325.0,115.0,8.5,3.39,4,2.9,4.5,0,0,23,Yes,6,0,India,EMJM Cyber,2024,No
300.0,105.0,8.0,2.19,2,2.8,1.1,1,0,17,Yes,3,0,Nepal,EMJM DS,2022,No
311.0,113.0,8.5,2.23,1,3.0,2.0,0,0,10,No,4,0,India,EMJM Cyber,2024,No
324.0,96.0,7.5,3.3,5,4.8,1.9,0,0,23,Yes,5,0,Bangladesh,EMJM Cyber,2025,No
297.0,107.0,8.0,3.84,2,3.0,4.3,0,2,15,Yes,6,1,India,EMJM DS,2022,No
319.0,107.0,8.0,3.4,3,4.9,1.5,1,2,20,Yes,5,1,Bangladesh,EMJM AI,2023,Yes
310.0,111.0,8.5,3.14,2,1.4,4.3,1,2,16,Yes,4,1,Pakistan,EMJM DS,2023,No
300.0,98.0,7.5,3.88,2,4.1,2.0,0,1,5,No,5,0,Bangladesh,EMJM DS,2022,No
305.0,117.0,8.5,3.15,5,2.0,3.8,0,0,13,Yes,4,0,Nepal,EMJM AI,2025,No
302.0,105.0,8.0,3.45,3,1.7,2.0,1,1,6,Yes,3,0,Pakistan,EMJM AI,2024,No
291.0,114.0,8.5,3.7,1,2.9,3.2,1,3,6,Yes,5,1,Bangladesh,EMJM DS,2025,Yes
306.0,95.0,7.5,2.59,4,3.3,4.5,1,2,20,Yes,6,1,Bangladesh,EMJM DS,2025,Yes
297.0,103.0,8.0,2.27,3,4.8,4.0,0,0,3,No,7,0,Bangladesh,EMJM AI,2024,No
321.0,94.0,7.5,2.46,5,2.0,4.6,1,0,21,Yes,5,0,Pakistan,EMJM Cyber,2024,Yes
303.0,109.0,8.0,3.7,3,1.9,2.9,0,1,18,Yes,4,0,Nepal,EMJM AI,2025,No
302.0,105.0,8.0,3.68,2,1.3,4.0,1,3,18,Yes,4,1,India,EMJM AI,2025,Yes
303.0,100.0,7.5,3.91,5,3.2,1.7,0,2,18,Yes,4,1,Pakistan,EMJM DS,2022,No
340.0,99.0,7.5,2.76,4,3.2,3.8,0,0,36,Yes,5,0,Nepal,EMJM Cyber,2022,No
326.0,116.0,8.5,3.91,3,3.7,1.2,0,1,24,Yes,4,0,Pakistan,EMJM Cyber,2025,No
305.0,106.0,8.0,3.1,4,4.7,4.2,0,0,7,No,7,0,Pakistan,EMJM AI,2025,No
334.0,96.0,7.5,3.63,5,2.1,2.7,1,3,34,Yes,4,1,Bangladesh,EMJM DS,2022,Yes
331.0,117.0,8.5,3.87,5,1.4,4.6,0,2,26,Yes,5,1,Nepal,EMJM AI,2022,No
312.0,95.0,7.5,2.93,4,5.0,1.5,0,1,11,No,5,0,India,EMJM AI,2025,No
297.0,110.0,8.5,2.81,2,3.4,4.0,1,2,3,Yes,6,1,India,EMJM AI,2024,No
308.0,92.0,7.0,2.74,5,1.2,3.9,0,0,9,No,4,0,India,EMJM AI,2022,No
336.0,109.0,8.0,3.51,4,2.0,3.4,0,1,23,Yes,4,0,India,EMJM DS,2025,No
293.0,119.0,9.0,2.85,1,2.8,4.6,0,1,7,No,6,0,Bangladesh,EMJM DS,2022,No
297.0,93.0,7.0,2.06,3,4.3,1.5,0,0,9,No,4,0,Bangladesh,EMJM AI,2025,No
294.0,113.0,8.5,2.96,3,2.1,3.1,1,1,8,Yes,4,0,India,EMJM DS,2023,No
297.0,96.0,7.5,2.17,4,2.8,2.5,0,0,3,No,4,0,Pakistan,EMJM DS,2023,No
321.0,101.0,7.5,2.09,5,2.8,2.5,1,0,21,Yes,4,0,Bangladesh,EMJM Cyber,2023,No
310.0,99.0,7.5,3.72,3,3.3,4.3,1,2,16,Yes,6,1,India,EMJM Cyber,2022,Yes
303.0,111.0,8.5,3.42,3,4.9,1.6,0,0,18,Yes,5,0,Pakistan,EMJM Cyber,2022,No
340.0,93.0,7.0,2.38,5,1.7,4.1,1,0,31,Yes,4,0,Bangladesh,EMJM DS,2022,Yes
333.0,97.0,7.5,3.08,1,4.5,4.7,1,2,27,Yes,7,1,Bangladesh,EMJM Cyber,2024,No
292.0,102.0,8.0,2.69,5,4.3,4.4,1,1,13,Yes,7,0,Nepal,EMJM DS,2022,Yes
315.0,114.0,8.5,2.02,4,1.9,4.1,0,0,12,Yes,5,0,India,EMJM Cyber,2023,No
290.0,113.0,8.5,3.59,5,2.9,2.7,1,3,6,Yes,4,1,Pakistan,EMJM DS,2024,Yes
322.0,103.0,8.0,2.01,5,1.2,4.4,1,1,22,Yes,4,0,Pakistan,EMJM Cyber,2025,Yes
296.0,99.0,7.5,2.65,3,1.9,4.6,0,0,9,No,5,0,India,EMJM AI,2022,No
294.0,98.0,7.5,3.4,5,4.0,1.8,0,1,14,Yes,4,0,Pakistan,EMJM Cyber,2023,No
297.0,101.0,7.5,2.86,5,1.3,1.0,0,0,15,Yes,1,0,Nepal,EMJM AI,2024,No
290.0,114.0,8.5,3.6,5,3.1,2.7,1,3,6,Yes,4,1,Nepal,EMJM AI,2024,Yes
319.0,117.0,8.5,3.29,3,3.8,2.6,0,0,20,Yes,5,0,Pakistan,EMJM AI,2023,No
335.0,113.0,8.5,3.57,2,2.6,3.4,0,1,22,Yes,5,0,Nepal,EMJM DS,2025,No
307.0,108.0,8.0,2.39,1,2.1,2.6,1,1,8,Yes,3,0,Nepal,EMJM Cyber,2024,No
329.0,108.0,8.0,3.96,4,2.9,3.9,0,2,31,Yes,5,1,Bangladesh,EMJM Cyber,2024,No
299.0,117.0,8.5,3.11,2,3.0,1.1,1,2,4,Yes,3,1,India,EMJM AI,2023,No
321.0,96.0,7.5,3.68,4,1.2,2.6,0,2,21,Yes,3,1,Bangladesh,EMJM DS,2022,No
327.0,96.0,7.5,3.18,1,4.5,3.7,1,2,18,Yes,6,1,Pakistan,EMJM DS,2023,Yes
312.0,94.0,7.5,3.05,5,4.6,4.0,1,2,23,Yes,7,1,India,EMJM AI,2023,Yes
316.0,100.0,7.5,3.43,1,2.8,3.2,0,1,25,Yes,5,0,India,EMJM Cyber,2025,No
304.0,101.0,7.5,2.66,4,2.7,4.1,0,1,13,Yes,5,0,Pakistan,EMJM Cyber,2022,No
320.0,106.0,8.0,2.61,1,1.8,2.1,0,1,21,Yes,3,0,India,EMJM DS,2023,No
323.0,108.0,8.0,3.8,3,3.3,3.3,1,3,16,Yes,5,1,Pakistan,EMJM AI,2022,Yes
314.0,112.0,8.5,3.35,4,4.2,2.2,0,1,18,Yes,5,0,Pakistan,EMJM AI,2023,No
298.0,110.0,8.5,4.0,3,5.0,2.8,1,3,10,Yes,6,1,Nepal,EMJM AI,2022,Yes
326.0,120.0,9.0,2.23,2,2.8,2.0,1,0,18,Yes,4,0,Nepal,EMJM Cyber,2025,No
292.0,103.0,8.0,2.68,2,4.9,2.5,0,1,7,No,6,0,Nepal,EMJM DS,2023,No
316.0,101.0,7.5,3.67,1,3.7,5.0,1,2,13,Yes,7,1,Nepal,EMJM Cyber,2024,Yes
327.0,112.0,8.5,2.69,3,3.3,2.7,1,1,30,Yes,5,0,Nepal,EMJM AI,2025,Yes
313.0,107.0,8.0,2.67,4,4.0,2.5,0,0,11,No,5,0,Bangladesh,EMJM AI,2024,No
313.0,98.0,7.5,3.24,4,1.8,1.6,0,1,17,Yes,2,0,Pakistan,EMJM AI,2025,No
336.0,119.0,9.0,3.54,3,2.0,4.6,1,3,29,Yes,5,1,India,EMJM Cyber,2024,Yes
321.0,113.0,8.5,2.37,3,1.6,1.1,1,1,27,Yes,2,0,Pakistan,EMJM DS,2023,No
335.0,105.0,8.0,2.35,2,3.3,4.7,0,0,28,Yes,6,0,Nepal,EMJM DS,2024,No
336.0,115.0,8.5,2.89,4,1.4,2.3,1,1,29,Yes,3,0,Nepal,EMJM AI,2025,Yes
332.0,106.0,8.0,2.94,3,4.5,4.5,1,2,33,Yes,7,1,Nepal,EMJM Cyber,2023,Yes
338.0,97.0,7.5,2.28,1,1.7,3.0,0,0,36,Yes,3,0,Nepal,EMJM Cyber,2024,No
305.0,119.0,9.0,3.64,5,2.5,2.4,0,1,7,No,4,0,Pakistan,EMJM Cyber,2022,No
336.0,114.0,8.5,2.6,1,1.9,2.4,1,1,23,Yes,3,0,India,EMJM Cyber,2022,No
320.0,116.0,8.5,2.97,5,2.6,4.1,1,2,27,Yes,5,1,Bangladesh,EMJM AI,2025,Yes
297.0,100.0,7.5,3.85,4,2.4,2.5,1,3,3,Yes,4,1,Pakistan,EMJM DS,2022,Yes
337.0,111.0,8.5,2.22,4,2.9,2.5,1,0,23,Yes,4,0,Pakistan,EMJM AI,2022,No
291.0,103.0,8.0,3.73,2,2.2,4.9,0,1,6,No,5,0,India,EMJM Cyber,2023,No
328.0,120.0,9.0,3.15,1,4.2,3.5,0,0,25,Yes,6,0,Pakistan,EMJM Cyber,2024,No
301.0,102.0,8.0,2.28,4,2.8,3.3,1,0,5,Yes,5,0,Bangladesh,EMJM DS,2024,No
309.0,113.0,8.5,2.45,4,1.8,1.3,1,1,15,Yes,2,0,India,EMJM AI,2023,No
340.0,100.0,7.5,2.52,2,4.3,1.8,1,2,31,Yes,5,1,Nepal,EMJM DS,2022,No
296.0,102.0,8.0,2.69,2,4.1,3.9,0,1,15,Yes,6,0,Nepal,EMJM Cyber,2022,No
322.0,99.0,7.5,3.31,3,1.6,3.7,0,1,16,Yes,4,0,Bangladesh,EMJM AI,2025,No
308.0,115.0,8.5,2.38,4,1.5,2.3,1,0,9,Yes,3,0,Bangladesh,EMJM AI,2023,No
301.0,96.0,7.5,2.2,4,1.2,1.8,1,0,17,Yes,2,0,India,EMJM DS,2022,No
340.0,117.0,8.5,3.67,2,2.9,4.6,1,3,31,Yes,6,1,Pakistan,EMJM AI,2022,Yes
297.0,108.0,8.0,2.76,5,1.7,3.0,1,2,9,Yes,3,1,Pakistan,EMJM Cyber,2022,No
290.0,100.0,7.5,3.59,3,2.8,1.2,0,1,6,No,3,0,Nepal,EMJM DS,2023,No
311.0,94.0,7.5,2.77,2,4.2,1.3,1,2,22,Yes,4,1,Nepal,EMJM Cyber,2022,No
312.0,105.0,8.0,3.99,3,4.2,3.6,0,2,17,Yes,6,1,India,EMJM DS,2022,No
318.0,116.0,8.5,3.49,5,2.3,4.1,0,1,14,Yes,5,0,Nepal,EMJM DS,2023,No
300.0,118.0,9.0,3.72,4,2.0,3.8,1,2,5,Yes,4,1,Pakistan,EMJM DS,2024,Yes
333.0,108.0,8.0,3.44,4,4.9,2.3,1,1,33,Yes,6,0,India,EMJM AI,2024,Yes
301.0,114.0,8.5,2.32,1,3.8,4.5,0,0,5,No,6,0,Bangladesh,EMJM AI,2025,No
317.0,114.0,8.5,2.72,3,3.7,1.7,0,1,13,Yes,4,0,India,EMJM AI,2025,No
293.0,107.0,8.0,2.95,1,4.0,2.0,0,0,1,No,5,0,Pakistan,EMJM AI,2024,No
302.0,118.0,9.0,3.03,4,4.7,4.8,1,1,18,Yes,7,0,India,EMJM DS,2025,Yes
314.0,94.0,7.5,2.4,2,1.6,2.7,1,1,24,Yes,3,0,Nepal,EMJM Cyber,2024,No
325.0,104.0,8.0,2.04,5,1.9,4.9,0,0,23,Yes,5,0,Nepal,EMJM DS,2022,No
328.0,102.0,8.0,3.74,1,2.4,3.5,1,2,31,Yes,4,1,Pakistan,EMJM AI,2024,Yes
333.0,106.0,8.0,2.11,4,2.7,1.7,0,0,33,Yes,3,0,Pakistan,EMJM DS,2022,No
311.0,95.0,7.5,2.78,5,1.7,4.2,0,0,16,Yes,4,0,Pakistan,EMJM AI,2024,No
300.0,100.0,7.5,2.13,3,4.9,1.9,1,1,11,Yes,5,0,Nepal,EMJM Cyber,2022,No
316.0,97.0,7.5,3.78,4,1.1,4.1,1,3,25,Yes,4,1,Nepal,EMJM AI,2022,No
340.0,101.0,7.5,2.55,4,4.4,4.1,1,1,36,Yes,7,0,Nepal,EMJM Cyber,2022,Yes
334.0,110.0,8.5,2.49,5,5.0,1.8,0,0,34,Yes,5,0,Nepal,EMJM AI,2022,No
303.0,103.0,8.0,3.95,1,1.0,2.6,0,1,18,Yes,3,0,Nepal,EMJM DS,2024,No
319.0,105.0,8.0,3.21,4,1.9,4.3,0,0,14,Yes,5,0,Pakistan,EMJM DS,2022,No
337.0,114.0,8.5,2.13,5,1.5,2.0,1,0,23,Yes,2,0,India,EMJM DS,2023,No
309.0,99.0,7.5,2.75,2,1.4,2.3,1,2,21,Yes,3,1,Pakistan,EMJM DS,2025,No
316.0,119.0,9.0,2.42,4,2.7,4.4,0,0,13,Yes,5,0,Bangladesh,EMJM Cyber,2023,No
292.0,97.0,7.5,2.97,5,4.6,1.2,0,1,1,No,4,0,India,EMJM DS,2023,No
319.0,109.0,8.0,3.98,1,1.7,1.3,1,3,14,Yes,2,1,Bangladesh,EMJM Cyber,2025,Yes
317.0,113.0,8.5,2.1,5,4.0,3.1,1,0,19,Yes,5,0,Pakistan,EMJM DS,2024,Yes
330.0,118.0,9.0,3.2,5,3.9,1.6,1,2,32,Yes,4,1,India,EMJM Cyber,2025,Yes
307.0,117.0,8.5,3.65,2,2.6,1.1,0,2,20,Yes,3,1,Bangladesh,EMJM AI,2022,No
337.0,102.0,8.0,3.78,3,1.2,1.5,1,2,35,Yes,2,1,Pakistan,EMJM DS,2025,Yes
321.0,110.0,8.5,2.61,3,1.7,1.7,0,0,27,Yes,2,0,Nepal,EMJM DS,2024,No
303.0,112.0,8.5,2.81,2,3.1,4.5,1,2,6,Yes,6,1,Bangladesh,EMJM Cyber,2022,Yes
298.0,120.0,9.0,2.51,5,3.4,4.0,1,2,10,Yes,6,1,Bangladesh,EMJM AI,2024,Yes
294.0,116.0,8.5,3.81,1,1.2,2.4,1,3,2,Yes,3,1,Bangladesh,EMJM DS,2025,Yes
307.0,99.0,7.5,3.06,1,1.1,2.1,0,1,14,Yes,2,0,Pakistan,EMJM Cyber,2024,No
297.0,117.0,8.5,3.06,4,1.9,2.8,1,2,9,Yes,3,1,Nepal,EMJM AI,2022,No
318.0,113.0,8.5,2.34,4,1.2,3.2,1,0,14,Yes,3,0,Bangladesh,EMJM DS,2024,No
316.0,120.0,9.0,2.87,5,2.2,1.3,0,0,13,Yes,2,0,Bangladesh,EMJM DS,2024,No
291.0,101.0,7.5,2.88,1,3.9,2.5,1,1,6,Yes,5,0,India,EMJM DS,2022,No
297.0,106.0,8.0,2.89,1,5.0,4.0,1,2,9,Yes,7,1,Pakistan,EMJM Cyber,2022,No
327.0,103.0,8.0,3.46,2,2.6,4.5,0,1,30,Yes,5,0,Pakistan,EMJM DS,2022,No
329.0,109.0,8.0,2.96,5,4.2,1.1,1,2,31,Yes,4,1,Pakistan,EMJM Cyber,2025,Yes
338.0,106.0,8.0,2.55,3,2.0,4.2,1,1,30,Yes,5,0,Pakistan,EMJM AI,2025,No
331.0,119.0,9.0,2.67,2,4.3,1.5,0,1,20,Yes,4,0,Bangladesh,EMJM AI,2023,No
307.0,119.0,9.0,3.09,4,2.8,1.9,1,1,20,Yes,3,0,Nepal,EMJM DS,2023,Yes
306.0,104.0,8.0,2.35,5,4.2,5.0,0,0,8,No,7,0,Bangladesh,EMJM DS,2022,No
314.0,93.0,7.0,2.36,3,1.1,1.1,1,0,18,Yes,1,0,Bangladesh,EMJM AI,2022,No
300.0,92.0,7.0,3.15,5,1.5,4.4,1,1,5,Yes,4,0,Nepal,EMJM AI,2024,No
321.0,103.0,8.0,2.94,5,4.9,1.9,0,1,27,Yes,5,0,Pakistan,EMJM DS,2022,No
303.0,117.0,8.5,2.24,3,3.1,1.3,0,0,12,Yes,3,0,Pakistan,EMJM AI,2022,No
331.0,94.0,7.5,3.24,5,2.3,4.3,0,0,32,Yes,5,0,Pakistan,EMJM Cyber,2024,No
330.0,118.0,9.0,3.01,4,2.7,2.0,1,1,20,Yes,3,0,Pakistan,EMJM Cyber,2025,No
316.0,98.0,7.5,2.13,1,4.1,4.8,1,0,13,Yes,7,0,Nepal,EMJM DS,2023,No
323.0,96.0,7.5,2.11,5,3.0,3.0,1,0,22,Yes,5,0,Pakistan,EMJM AI,2023,No
295.0,116.0,8.5,3.67,2,3.5,4.6,1,3,2,Yes,6,1,Nepal,EMJM DS,2025,Yes
298.0,98.0,7.5,3.39,5,3.3,2.7,0,1,16,Yes,5,0,Bangladesh,EMJM AI,2025,No
334.0,108.0,8.0,3.92,5,3.8,2.1,1,2,34,Yes,4,1,Bangladesh,EMJM AI,2023,Yes
301.0,106.0,8.0,2.99,1,3.3,3.3,0,1,5,No,5,0,Bangladesh,EMJM DS,2022,No
334.0,108.0,8.0,2.19,1,4.3,1.8,1,0,28,Yes,5,0,Pakistan,EMJM AI,2022,No
330.0,119.0,9.0,2.86,4,2.9,1.9,0,1,26,Yes,4,0,Nepal,EMJM AI,2025,No
297.0,109.0,8.0,3.75,5,1.0,1.7,1,3,9,Yes,2,1,Nepal,EMJM DS,2025,Yes
311.0,119.0,9.0,2.64,2,3.1,4.1,1,1,22,Yes,6,0,Pakistan,EMJM Cyber,2024,Yes
311.0,98.0,7.5,3.65,1,1.3,2.4,1,2,22,Yes,3,1,Nepal,EMJM Cyber,2025,No
339.0,93.0,7.0,2.67,4,2.2,1.3,1,2,24,Yes,2,1,Pakistan,EMJM DS,2024,No
328.0,100.0,7.5,3.28,4,4.2,2.4,0,0,25,Yes,5,0,Bangladesh,EMJM AI,2024,No
293.0,96.0,7.5,2.9,2,2.0,1.9,1,2,1,Yes,3,1,Pakistan,EMJM DS,2023,No
305.0,102.0,8.0,2.6,4,4.7,2.6,1,1,19,Yes,6,0,Bangladesh,EMJM AI,2024,Yes
328.0,109.0,8.0,2.41,5,2.8,2.8,1,1,31,Yes,4,0,Nepal,EMJM Cyber,2024,Yes
327.0,103.0,8.0,2.14,4,1.4,4.6,0,0,30,Yes,5,0,Bangladesh,EMJM Cyber,2024,No
302.0,102.0,8.0,2.59,2,3.0,2.0,0,1,6,No,4,0,Pakistan,EMJM DS,2022,No
300.0,98.0,7.5,2.08,4,1.9,3.8,1,0,11,Yes,4,0,Pakistan,EMJM Cyber,2025,No
306.0,110.0,8.5,3.94,5,2.6,1.5,1,2,20,Yes,3,1,Bangladesh,EMJM Cyber,2022,Yes
322.0,104.0,8.0,3.6,1,1.7,2.7,0,1,16,Yes,3,0,Nepal,EMJM Cyber,2022,No
329.0,119.0,9.0,3.58,1,3.7,3.0,1,2,31,Yes,5,1,India,EMJM DS,2023,Yes
316.0,98.0,7.5,3.68,3,2.7,3.3,0,2,19,Yes,5,1,Pakistan,EMJM Cyber,2022,No
306.0,112.0,8.5,3.38,2,1.1,2.9,1,2,8,Yes,3,1,India,EMJM Cyber,2024,No
304.0,96.0,7.5,3.04,1,1.1,3.4,1,2,19,Yes,3,1,Bangladesh,EMJM DS,2023,No
310.0,114.0,8.5,3.23,1,2.3,2.2,0,1,16,Yes,3,0,Nepal,EMJM DS,2023,No
290.0,99.0,7.5,3.82,5,3.8,4.5,0,1,0,No,6,0,Nepal,EMJM Cyber,2022,No
333.0,92.0,7.0,2.84,3,4.2,2.4,1,1,21,Yes,5,0,Bangladesh,EMJM Cyber,2024,Yes
329.0,106.0,8.0,3.71,4,4.2,1.8,1,2,25,Yes,5,1,Bangladesh,EMJM DS,2023,Yes
312.0,107.0,8.0,3.06,5,1.5,1.4,1,1,23,Yes,2,0,Bangladesh,EMJM Cyber,2022,Yes
309.0,116.0,8.5,2.14,2,4.5,3.4,0,0,9,No,6,0,Pakistan,EMJM DS,2023,No
294.0,107.0,8.0,3.87,3,2.5,4.5,0,1,14,Yes,5,0,India,EMJM AI,2022,No
318.0,103.0,8.0,3.66,2,2.2,3.5,1,3,20,Yes,4,1,Pakistan,EMJM AI,2023,Yes
292.0,114.0,8.5,3.5,2,2.7,3.0,1,2,13,Yes,4,1,Nepal,EMJM AI,2024,No
339.0,117.0,8.5,3.32,1,1.5,2.0,0,1,36,Yes,2,0,India,EMJM AI,2024,No
335.0,119.0,9.0,2.4,1,3.2,4.3,1,0,22,Yes,6,0,India,EMJM Cyber,2025,Yes
299.0,104.0,8.0,2.46,1,1.6,1.4,0,0,16,Yes,2,0,Nepal,EMJM AI,2025,No
333.0,115.0,8.5,3.94,2,2.9,4.7,1,2,27,Yes,6,1,Pakistan,EMJM AI,2024,Yes
308.0,106.0,8.0,3.04,3,3.9,4.7,0,1,21,Yes,7,0,Bangladesh,EMJM Cyber,2025,No
292.0,95.0,7.5,3.76,5,1.4,4.8,0,2,13,Yes,5,1,Bangladesh,EMJM DS,2024,No
326.0,103.0,8.0,2.74,1,2.3,4.5,1,1,30,Yes,5,0,Pakistan,EMJM DS,2022,No
333.0,108.0,8.0,3.01,4,1.5,1.8,1,1,33,Yes,2,0,Pakistan,EMJM Cyber,2024,No
337.0,95.0,7.5,3.18,5,3.3,2.5,0,1,23,Yes,4,0,Pakistan,EMJM AI,2022,No
293.0,93.0,7.0,2.92,1,1.6,1.5,1,1,7,Yes,2,0,Bangladesh,EMJM AI,2024,No
300.0,118.0,9.0,3.73,1,3.6,2.8,0,2,11,No,5,1,India,EMJM AI,2025,No
314.0,96.0,7.5,3.73,1,4.5,2.8,0,2,24,Yes,6,1,Bangladesh,EMJM Cyber,2023,No
333.0,119.0,9.0,3.36,4,2.9,2.8,1,2,27,Yes,4,1,Bangladesh,EMJM Cyber,2025,Yes
320.0,118.0,9.0,2.09,5,2.3,2.5,0,0,27,Yes,4,0,Bangladesh,EMJM DS,2022,No
309.0,105.0,8.0,2.82,4,1.1,3.8,1,2,9,Yes,4,1,Bangladesh,EMJM DS,2023,No
329.0,101.0,7.5,2.54,1,3.8,1.7,0,0,25,Yes,4,0,Bangladesh,EMJM DS,2025,No
303.0,106.0,8.0,2.71,3,1.5,2.6,1,2,6,Yes,3,1,Pakistan,EMJM Cyber,2024,No
304.0,97.0,7.5,2.53,1,4.1,3.4,1,1,13,Yes,6,0,Pakistan,EMJM AI,2025,No
295.0,97.0,7.5,3.94,2,3.9,2.5,1,3,14,Yes,5,1,Nepal,EMJM DS,2022,No
295.0,110.0,8.5,3.29,5,3.7,4.9,0,0,14,Yes,7,0,India,EMJM Cyber,2025,No
306.0,107.0,8.0,3.17,3,3.8,1.6,1,1,14,Yes,4,0,Nepal,EMJM AI,2024,Yes
339.0,113.0,8.5,2.56,1,3.4,2.8,0,1,30,Yes,5,0,Nepal,EMJM AI,2025,No
291.0,93.0,7.0,2.44,4,2.4,3.7,1,1,12,Yes,5,0,Nepal,EMJM Cyber,2022,No
331.0,113.0,8.5,3.34,5,1.7,2.6,1,2,26,Yes,3,1,Nepal,EMJM DS,2024,No
323.0,96.0,7.5,3.91,2,4.0,2.7,0,2,16,Yes,5,1,Pakistan,EMJM AI,2023,No
331.0,98.0,7.5,2.73,1,1.5,3.5,0,0,32,Yes,4,0,Bangladesh,EMJM Cyber,2025,No
300.0,94.0,7.5,2.96,3,4.4,1.7,0,1,5,No,5,0,India,EMJM AI,2025,No
311.0,119.0,9.0,3.98,2,2.7,3.7,0,1,16,Yes,5,0,India,EMJM AI,2024,No
326.0,102.0,8.0,3.76,4,2.3,2.7,0,1,18,Yes,4,0,Pakistan,EMJM AI,2023,No
307.0,115.0,8.5,3.0,2,2.1,2.2,0,0,20,Yes,3,0,Pakistan,EMJM Cyber,2025,No
333.0,116.0,8.5,3.06,4,3.1,2.5,0,1,33,Yes,4,0,India,EMJM Cyber,2022,No
298.0,100.0,7.5,3.45,2,2.7,2.8,1,2,16,Yes,4,1,Nepal,EMJM AI,2023,No
303.0,99.0,7.5,2.41,3,3.3,3.4,0,0,18,Yes,5,0,Bangladesh,EMJM DS,2025,No
317.0,98.0,7.5,3.5,5,4.9,2.6,0,1,25,Yes,6,0,India,EMJM AI,2023,No
322.0,106.0,8.0,3.89,4,4.1,2.6,0,2,16,Yes,5,1,Bangladesh,EMJM DS,2023,No
322.0,108.0,8.0,2.24,4,3.5,5.0,1,0,28,Yes,7,0,Bangladesh,EMJM AI,2024,Yes
305.0,103.0,8.0,2.91,1,3.3,4.0,0,1,13,Yes,6,0,Pakistan,EMJM Cyber,2023,No
328.0,92.0,7.0,3.47,1,3.8,1.9,0,0,31,Yes,4,0,Pakistan,EMJM AI,2025,No
298.0,116.0,8.5,3.96,2,3.3,2.7,0,2,16,Yes,5,1,Bangladesh,EMJM Cyber,2023,No
327.0,109.0,8.0,3.23,1,2.0,2.8,0,1,30,Yes,4,0,Bangladesh,EMJM AI,2024,No
330.0,97.0,7.5,3.88,4,1.1,1.9,0,1,32,Yes,2,0,India,EMJM Cyber,2023,No
339.0,99.0,7.5,2.24,2,4.8,4.8,1,1,30,Yes,8,0,Bangladesh,EMJM Cyber,2024,Yes
330.0,116.0,8.5,3.08,2,4.9,2.9,0,0,32,Yes,6,0,Bangladesh,EMJM AI,2022,No
334.0,113.0,8.5,2.33,4,5.0,2.3,0,0,28,Yes,6,0,India,EMJM DS,2022,No
293.0,96.0,7.5,2.93,1,1.1,3.2,1,2,7,Yes,3,1,Bangladesh,EMJM DS,2022,No
319.0,108.0,8.0,2.15,2,1.9,2.5,0,0,20,Yes,3,0,Bangladesh,EMJM Cyber,2025,No
296.0,115.0,8.5,3.72,1,3.0,4.0,1,2,15,Yes,5,1,Pakistan,EMJM Cyber,2024,Yes
330.0,100.0,7.5,3.64,2,2.0,1.1,0,2,20,Yes,2,1,Pakistan,EMJM Cyber,2022,No
323.0,102.0,8.0,3.53,3,4.2,1.7,0,2,28,Yes,4,1,Nepal,EMJM DS,2024,No
298.0,104.0,8.0,3.02,4,4.1,2.5,1,1,16,Yes,5,0,India,EMJM AI,2024,Yes
293.0,101.0,7.5,3.17,2,2.2,1.1,1,2,1,Yes,2,1,Bangladesh,EMJM Cyber,2025,No
298.0,95.0,7.5,3.27,4,3.3,2.1,1,2,4,Yes,4,1,Bangladesh,EMJM AI,2023,Yes
321.0,98.0,7.5,3.45,5,2.6,3.4,0,1,21,Yes,5,0,Nepal,EMJM DS,2022,No
307.0,109.0,8.0,3.39,5,2.9,3.3,0,0,20,Yes,5,0,Bangladesh,EMJM Cyber,2025,No
314.0,115.0,8.5,3.98,5,2.4,1.3,1,2,18,Yes,3,1,Pakistan,EMJM DS,2025,Yes
307.0,102.0,8.0,3.2,2,3.3,4.1,0,1,20,Yes,6,0,Bangladesh,EMJM Cyber,2022,No
322.0,113.0,8.5,3.2,1,3.8,4.4,0,1,28,Yes,6,0,Pakistan,EMJM DS,2024,No
330.0,96.0,7.5,2.72,5,2.1,1.4,1,1,20,Yes,2,0,Bangladesh,EMJM DS,2023,No
316.0,109.0,8.0,2.02,4,2.8,3.9,1,0,25,Yes,5,0,Nepal,EMJM AI,2024,No
293.0,97.0,7.5,3.78,1,1.9,2.3,1,2,1,Yes,3,1,Nepal,EMJM Cyber,2022,No
315.0,97.0,7.5,2.77,4,4.1,3.4,1,2,24,Yes,6,1,Pakistan,EMJM AI,2022,Yes
291.0,106.0,8.0,2.81,4,2.5,1.5,0,1,6,No,3,0,Pakistan,EMJM DS,2025,No
304.0,96.0,7.5,3.01,4,1.5,4.9,1,2,13,Yes,5,1,India,EMJM Cyber,2024,No
310.0,110.0,8.5,2.59,5,3.1,4.4,1,1,22,Yes,6,0,Nepal,EMJM Cyber,2023,Yes
293.0,118.0,9.0,3.4,5,3.0,4.7,1,2,13,Yes,6,1,Pakistan,EMJM AI,2022,Yes
298.0,93.0,7.0,3.6,4,2.6,3.9,1,3,16,Yes,5,1,India,EMJM DS,2024,Yes
306.0,97.0,7.5,2.37,2,2.8,4.9,0,0,14,Yes,6,0,Nepal,EMJM AI,2025,No
290.0,107.0,8.0,3.5,1,5.0,1.0,0,2,6,No,5,1,Pakistan,EMJM AI,2023,No
326.0,119.0,9.0,3.63,5,3.7,4.6,0,1,30,Yes,6,0,India,EMJM DS,2024,No
326.0,119.0,9.0,2.1,5,4.8,3.5,0,0,30,Yes,6,0,Nepal,EMJM DS,2022,No
293.0,116.0,8.5,3.75,1,1.0,5.0,0,1,7,No,5,0,Pakistan,EMJM Cyber,2024,No
315.0,113.0,8.5,3.17,2,4.5,1.7,0,1,18,Yes,5,0,Nepal,EMJM DS,2024,No
313.0,119.0,9.0,3.85,3,4.5,2.5,1,2,11,Yes,5,1,Bangladesh,EMJM AI,2023,Yes
294.0,93.0,7.0,2.01,1,2.8,3.5,1,1,8,Yes,5,0,Pakistan,EMJM DS,2024,No
328.0,104.0,8.0,2.76,4,3.1,2.6,0,0,31,Yes,4,0,India,EMJM Cyber,2024,No
308.0,119.0,9.0,2.58,3,1.1,4.7,1,2,15,Yes,4,1,Bangladesh,EMJM AI,2024,Yes
339.0,116.0,8.5,3.97,1,3.4,3.2,1,2,36,Yes,5,1,India,EMJM DS,2024,Yes
295.0,98.0,7.5,2.7,3,3.9,2.8,1,1,14,Yes,5,0,Pakistan,EMJM AI,2022,No
323.0,119.0,9.0,2.34,5,4.6,3.3,1,0,22,Yes,6,0,Pakistan,EMJM Cyber,2025,Yes
340.0,111.0,8.5,2.25,5,3.1,1.7,1,1,36,Yes,4,0,India,EMJM Cyber,2022,No
332.0,118.0,9.0,2.12,4,3.5,3.1,1,1,21,Yes,5,0,Bangladesh,EMJM DS,2024,Yes
294.0,102.0,8.0,3.0,2,3.6,3.3,1,2,14,Yes,5,1,India,EMJM Cyber,2025,No
337.0,98.0,7.5,2.01,2,4.7,2.6,1,0,23,Yes,6,0,Bangladesh,EMJM DS,2024,No
339.0,92.0,7.0,3.84,2,3.6,4.6,1,2,36,Yes,6,1,Bangladesh,EMJM Cyber,2024,Yes
324.0,98.0,7.5,3.78,4,2.3,4.3,1,2,23,Yes,5,1,Nepal,EMJM DS,2023,Yes
333.0,106.0,8.0,4.0,3,1.6,3.0,1,4,27,Yes,3,2,Pakistan,EMJM Cyber,2022,Yes
340.0,120.0,9.0,2.53,2,2.7,4.9,0,1,36,Yes,6,0,Pakistan,EMJM DS,2022,No
337.0,101.0,7.5,3.05,1,1.2,1.1,0,0,23,Yes,1,0,Pakistan,EMJM Cyber,2022,No
292.0,93.0,7.0,2.21,1,2.9,3.9,0,0,1,No,5,0,Bangladesh,EMJM Cyber,2022,No
315.0,117.0,8.5,3.04,5,2.1,2.3,0,1,18,Yes,3,0,Pakistan,EMJM AI,2022,No
324.0,113.0,8.5,3.63,4,2.6,2.6,0,2,23,Yes,4,1,Nepal,EMJM DS,2024,No
302.0,119.0,9.0,2.36,3,4.2,4.2,0,0,12,Yes,7,0,Pakistan,EMJM DS,2023,No
337.0,116.0,8.5,2.38,3,2.9,1.3,1,1,23,Yes,3,0,Bangladesh,EMJM Cyber,2022,No
295.0,119.0,9.0,3.39,3,2.3,4.4,0,0,14,Yes,5,0,Pakistan,EMJM AI,2023,No
313.0,115.0,8.5,2.69,2,1.6,3.7,1,1,23,Yes,4,0,Pakistan,EMJM Cyber,2024,No
310.0,103.0,8.0,3.98,1,1.9,2.1,0,2,16,Yes,3,1,India,EMJM Cyber,2025,No
306.0,99.0,7.5,3.86,5,3.4,3.3,1,2,8,Yes,5,1,India,EMJM Cyber,2022,Yes
305.0,92.0,7.0,2.4,2,4.1,2.9,0,0,13,Yes,5,0,Pakistan,EMJM Cyber,2022,No
337.0,107.0,8.0,2.55,2,1.8,3.0,1,1,23,Yes,4,0,Bangladesh,EMJM AI,2024,No
336.0,107.0,8.0,2.94,4,1.5,4.1,0,1,29,Yes,4,0,Pakistan,EMJM AI,2023,No
317.0,116.0,8.5,2.73,5,1.9,2.6,0,0,25,Yes,3,0,Pakistan,EMJM Cyber,2023,No
310.0,114.0,8.5,3.45,4,2.7,3.2,1,2,16,Yes,4,1,India,EMJM AI,2022,Yes
306.0,110.0,8.5,2.72,5,1.4,2.3,1,2,8,Yes,3,1,Nepal,EMJM AI,2022,No
326.0,95.0,7.5,2.56,4,4.7,2.1,1,2,30,Yes,5,1,Nepal,EMJM DS,2025,Yes
299.0,105.0,8.0,2.01,3,4.4,2.0,1,0,10,Yes,5,0,Pakistan,EMJM AI,2025,No
335.0,118.0,9.0,2.49,5,2.0,1.5,1,1,22,Yes,2,0,Bangladesh,EMJM Cyber,2023,No
305.0,107.0,8.0,2.09,3,4.7,2.7,1,1,19,Yes,6,0,India,EMJM Cyber,2025,Yes
339.0,94.0,7.5,3.93,2,1.1,1.5,0,1,30,Yes,2,0,Nepal,EMJM Cyber,2025,No
321.0,93.0,7.0,2.05,1,4.5,3.7,0,0,21,Yes,6,0,India,EMJM Cyber,2023,No
291.0,101.0,7.5,2.42,5,3.1,1.1,0,0,6,No,3,0,India,EMJM Cyber,2024,No
327.0,95.0,7.5,2.16,1,3.1,1.2,1,0,18,Yes,3,0,Pakistan,EMJM DS,2024,No
314.0,103.0,8.0,2.74,4,3.6,2.9,0,0,12,Yes,5,0,Nepal,EMJM Cyber,2024,No
298.0,108.0,8.0,3.82,5,4.6,1.6,0,1,4,No,5,0,Nepal,EMJM Cyber,2022,No
295.0,106.0,8.0,2.93,3,1.1,3.2,0,0,14,Yes,3,0,India,EMJM AI,2023,No
324.0,98.0,7.5,3.4,1,2.3,2.4,0,1,23,Yes,3,0,Pakistan,EMJM DS,2025,No
337.0,92.0,7.0,2.98,3,1.3,4.8,1,1,29,Yes,5,0,India,EMJM DS,2022,No
326.0,119.0,9.0,2.0,4,3.7,2.4,0,0,24,Yes,5,0,Pakistan,EMJM Cyber,2025,No
290.0,104.0,8.0,3.64,5,4.0,2.6,1,2,12,Yes,5,1,Bangladesh,EMJM DS,2025,Yes
310.0,101.0,7.5,3.91,4,4.5,2.1,1,2,22,Yes,5,1,India,EMJM Cyber,2023,Yes
326.0,93.0,7.0,3.66,3,3.2,1.7,0,1,24,Yes,4,0,Pakistan,EMJM AI,2025,No
298.0,99.0,7.5,3.98,2,2.0,2.3,1,2,4,Yes,3,1,Pakistan,EMJM Cyber,2023,No
315.0,120.0,9.0,3.02,4,1.1,4.8,0,0,24,Yes,4,0,India,EMJM DS,2022,No
306.0,110.0,8.5,3.93,2,2.2,4.8,1,2,14,Yes,5,1,Bangladesh,EMJM Cyber,2024,Yes
336.0,99.0,7.5,2.6,3,1.4,1.7,1,1,29,Yes,2,0,Pakistan,EMJM Cyber,2025,No
307.0,106.0,8.0,2.28,5,2.9,2.1,1,1,8,Yes,4,0,Pakistan,EMJM AI,2024,No
300.0,105.0,8.0,2.22,4,2.7,4.7,0,0,17,Yes,6,0,India,EMJM AI,2022,No
336.0,120.0,9.0,2.39,3,1.6,1.9,1,0,35,Yes,2,0,Pakistan,EMJM AI,2022,No
327.0,113.0,8.5,3.71,1,4.5,4.3,0,2,30,Yes,7,1,Bangladesh,EMJM Cyber,2022,No
319.0,103.0,8.0,3.45,5,3.1,1.3,1,1,14,Yes,3,0,India,EMJM Cyber,2022,No
330.0,102.0,8.0,3.38,2,1.6,3.2,1,2,20,Yes,4,1,Nepal,EMJM AI,2023,Yes
339.0,117.0,8.5,3.04,3,1.6,1.5,1,1,24,Yes,2,0,Nepal,EMJM AI,2022,No
301.0,113.0,8.5,3.81,3,3.5,4.4,0,1,5,No,6,0,Nepal,EMJM AI,2025,No
305.0,92.0,7.0,3.3,3,4.8,2.1,1,2,7,Yes,5,1,Pakistan,EMJM AI,2025,No
330.0,97.0,7.5,2.36,3,1.4,3.3,1,1,32,Yes,3,0,India,EMJM AI,2023,No
313.0,106.0,8.0,2.52,3,3.2,4.8,0,1,23,Yes,6,0,Bangladesh,EMJM DS,2024,No
312.0,118.0,9.0,2.49,3,1.1,1.8,0,0,23,Yes,2,0,Pakistan,EMJM DS,2025,No
337.0,103.0,8.0,2.34,2,4.2,2.8,1,0,35,Yes,5,0,Nepal,EMJM Cyber,2025,No
296.0,108.0,8.0,2.16,2,1.9,1.5,1,1,15,Yes,2,0,Nepal,EMJM Cyber,2024,No
292.0,99.0,7.5,2.61,4,3.2,4.6,1,1,13,Yes,6,0,Pakistan,EMJM AI,2025,No
299.0,117.0,8.5,2.94,1,3.2,3.9,0,1,10,No,5,0,India,EMJM Cyber,2025,No
318.0,120.0,9.0,2.73,4,2.2,1.9,0,1,26,Yes,3,0,India,EMJM Cyber,2022,No
291.0,113.0,8.5,2.71,4,1.6,3.7,0,0,0,No,4,0,Nepal,EMJM Cyber,2024,No
316.0,95.0,7.5,3.42,1,2.4,3.4,0,1,19,Yes,4,0,Pakistan,EMJM AI,2024,No
324.0,115.0,8.5,2.45,4,2.9,2.8,1,0,23,Yes,4,0,Nepal,EMJM Cyber,2024,Yes
321.0,101.0,7.5,3.96,5,4.8,1.7,0,1,27,Yes,5,0,Pakistan,EMJM DS,2025,No
293.0,119.0,9.0,2.9,3,3.0,4.9,0,1,13,Yes,6,0,Nepal,EMJM Cyber,2022,No
303.0,109.0,8.0,3.7,1,1.6,1.4,1,2,12,Yes,2,1,Pakistan,EMJM AI,2024,Yes
292.0,112.0,8.5,2.94,5,3.2,2.3,1,1,13,Yes,4,0,Bangladesh,EMJM AI,2022,No
293.0,113.0,8.5,3.22,4,2.3,4.2,1,1,13,Yes,5,0,India,EMJM AI,2025,No
292.0,115.0,8.5,3.66,1,3.4,2.5,1,3,1,Yes,4,1,Pakistan,EMJM DS,2024,No
307.0,111.0,8.5,2.48,5,2.6,4.7,0,0,14,Yes,6,0,Pakistan,EMJM Cyber,2024,No
317.0,94.0,7.5,3.82,1,2.3,2.0,0,2,25,Yes,3,1,Bangladesh,EMJM DS,2025,No
315.0,97.0,7.5,2.26,1,2.0,4.3,0,0,12,Yes,5,0,Bangladesh,EMJM Cyber,2023,No
310.0,101.0,7.5,2.75,3,4.2,1.4,1,1,10,Yes,4,0,India,EMJM DS,2025,No
311.0,110.0,8.5,2.28,2,2.2,2.9,1,0,16,Yes,4,0,Nepal,EMJM Cyber,2022,No
312.0,106.0,8.0,3.99,3,1.6,1.4,0,1,23,Yes,2,0,Bangladesh,EMJM DS,2024,No
328.0,106.0,8.0,3.62,3,4.6,4.1,0,2,19,Yes,7,1,Bangladesh,EMJM DS,2023,No
325.0,104.0,8.0,2.08,3,2.2,4.6,1,0,17,Yes,5,0,Nepal,EMJM DS,2023,No
324.0,104.0,8.0,2.26,4,1.3,1.4,1,1,29,Yes,2,0,Bangladesh,EMJM AI,2022,No
340.0,113.0,8.5,2.65,1,4.0,1.9,1,1,36,Yes,4,0,Bangladesh,EMJM DS,2022,Yes
320.0,118.0,9.0,2.94,2,1.2,4.9,1,2,21,Yes,5,1,Bangladesh,EMJM DS,2022,Yes
290.0,104.0,8.0,3.96,5,2.9,1.1,0,2,6,No,3,1,Pakistan,EMJM Cyber,2023,No
333.0,106.0,8.0,3.45,2,2.5,4.9,0,1,21,Yes,6,0,Bangladesh,EMJM DS,2024,No
319.0,103.0,8.0,2.09,1,2.7,4.3,1,1,26,Yes,5,0,Nepal,EMJM Cyber,2023,No
329.0,111.0,8.5,2.9,4,4.9,2.1,0,1,19,Yes,5,0,Nepal,EMJM DS,2022,No
294.0,102.0,8.0,2.83,1,1.7,1.7,1,1,14,Yes,2,0,Pakistan,EMJM DS,2023,No
316.0,113.0,8.5,3.03,4,2.7,2.3,1,2,25,Yes,4,1,Bangladesh,EMJM Cyber,2022,No
303.0,114.0,8.5,2.54,1,4.2,1.2,0,1,6,No,4,0,Bangladesh,EMJM AI,2025,No
327.0,106.0,8.0,2.91,4,2.6,3.4,0,1,18,Yes,5,0,Bangladesh,EMJM AI,2024,No
302.0,98.0,7.5,2.71,4,3.8,4.6,1,2,18,Yes,6,1,Bangladesh,EMJM Cyber,2023,Yes
294.0,114.0,8.5,3.57,2,4.2,4.4,0,1,14,Yes,7,0,Bangladesh,EMJM Cyber,2022,No
332.0,113.0,8.5,3.17,3,2.2,4.2,0,1,21,Yes,5,0,Pakistan,EMJM DS,2022,No
326.0,112.0,8.5,3.5,5,2.7,4.1,0,1,30,Yes,5,0,Nepal,EMJM DS,2025,No
311.0,96.0,7.5,2.43,1,4.5,3.6,0,0,22,Yes,6,0,India,EMJM AI,2022,No
290.0,102.0,8.0,2.88,1,1.4,2.2,1,1,6,Yes,3,0,India,EMJM AI,2024,No
317.0,100.0,7.5,3.48,4,3.2,4.5,0,1,13,Yes,6,0,Nepal,EMJM Cyber,2025,No
316.0,103.0,8.0,2.79,5,3.7,2.5,1,2,13,Yes,5,1,Bangladesh,EMJM Cyber,2025,Yes
327.0,114.0,8.5,3.41,4,4.7,3.3,0,1,24,Yes,6,0,Pakistan,EMJM AI,2024,No
323.0,101.0,7.5,2.36,2,4.0,4.8,0,0,16,Yes,7,0,Pakistan,EMJM Cyber,2022,No
311.0,113.0,8.5,3.93,2,3.2,1.8,1,2,10,Yes,4,1,Pakistan,EMJM Cyber,2025,Yes
317.0,113.0,8.5,3.64,5,2.6,5.0,0,1,25,Yes,6,0,Nepal,EMJM Cyber,2023,No
313.0,120.0,9.0,2.34,4,4.8,1.3,0,0,11,No,5,0,India,EMJM AI,2025,No
292.0,95.0,7.5,3.47,5,1.1,2.8,0,1,1,No,3,0,India,EMJM AI,2025,No
332.0,96.0,7.5,3.68,4,1.9,3.0,0,2,27,Yes,4,1,India,EMJM Cyber,2024,No
323.0,107.0,8.0,3.12,3,1.1,4.9,1,2,22,Yes,5,1,Nepal,EMJM AI,2022,Yes
316.0,117.0,8.5,3.56,2,2.1,2.7,1,3,19,Yes,4,1,India,EMJM DS,2022,No
313.0,110.0,8.5,3.62,3,4.2,4.8,1,3,17,Yes,7,1,India,EMJM Cyber,2025,Yes
292.0,92.0,7.0,3.16,2,4.5,3.7,0,1,1,No,6,0,India,EMJM DS,2025,No
298.0,104.0,8.0,2.05,1,3.5,4.0,1,0,4,Yes,6,0,Nepal,EMJM DS,2025,No
328.0,109.0,8.0,2.3,4,5.0,1.1,1,0,25,Yes,5,0,Bangladesh,EMJM AI,2023,Yes
324.0,117.0,8.5,3.56,5,2.2,3.5,1,3,17,Yes,4,1,Bangladesh,EMJM DS,2025,Yes
312.0,105.0,8.0,2.18,3,3.9,1.6,0,0,23,Yes,4,0,India,EMJM DS,2024,No
325.0,99.0,7.5,2.67,1,2.5,1.3,1,1,23,Yes,3,0,Pakistan,EMJM DS,2024,No
337.0,97.0,7.5,2.65,2,3.4,1.9,0,0,35,Yes,4,0,Pakistan,EMJM Cyber,2022,No
296.0,98.0,7.5,3.79,5,2.0,3.4,0,2,15,Yes,4,1,Pakistan,EMJM AI,2025,No
335.0,105.0,8.0,3.21,2,4.7,1.1,0,1,22,Yes,4,0,Bangladesh,EMJM Cyber,2023,No
335.0,116.0,8.5,2.95,2,1.9,3.4,0,0,34,Yes,4,0,Nepal,EMJM AI,2022,No
290.0,114.0,8.5,2.75,2,4.6,3.0,0,1,12,Yes,6,0,Nepal,EMJM AI,2024,No
315.0,118.0,9.0,3.86,1,2.2,3.3,1,3,24,Yes,4,1,India,EMJM Cyber,2024,Yes
293.0,115.0,8.5,3.2,3,3.3,2.5,0,1,1,No,4,0,India,EMJM DS,2023,No
333.0,93.0,7.0,3.45,4,3.7,4.7,0,0,27,Yes,7,0,Bangladesh,EMJM AI,2022,No
340.0,114.0,8.5,3.73,4,2.0,1.8,1,2,36,Yes,3,1,India,EMJM Cyber,2025,Yes
300.0,108.0,8.0,2.8,2,4.9,1.3,0,1,5,No,5,0,Nepal,EMJM Cyber,2025,No
317.0,115.0,8.5,2.41,2,2.5,4.3,1,1,13,Yes,5,0,Pakistan,EMJM Cyber,2025,No
291.0,98.0,7.5,2.92,2,1.4,4.8,0,0,6,No,5,0,India,EMJM Cyber,2024,No
315.0,115.0,8.5,2.4,3,2.8,5.0,0,0,18,Yes,6,0,Nepal,EMJM Cyber,2024,No
301.0,114.0,8.5,3.21,3,4.3,2.9,1,1,5,Yes,6,0,India,EMJM Cyber,2024,No
316.0,120.0,9.0,3.12,3,2.2,3.2,1,2,13,Yes,4,1,Nepal,EMJM Cyber,2023,No
328.0,94.0,7.5,2.5,1,4.1,1.6,1,1,19,Yes,4,0,Nepal,EMJM DS,2022,No
323.0,104.0,8.0,2.38,2,4.1,3.7,0,0,16,Yes,6,0,India,EMJM AI,2024,No
310.0,95.0,7.5,3.71,3,4.7,4.7,0,1,16,Yes,7,0,Bangladesh,EMJM Cyber,2025,No
304.0,113.0,8.5,2.18,3,1.4,3.0,1,0,19,Yes,3,0,Bangladesh,EMJM AI,2025,No
300.0,104.0,8.0,2.4,2,4.4,1.2,0,0,5,No,4,0,Nepal,EMJM DS,2023,No
302.0,117.0,8.5,3.22,3,4.1,1.3,1,2,18,Yes,4,1,Nepal,EMJM Cyber,2023,No
320.0,117.0,8.5,3.43,2,1.7,2.5,1,2,15,Yes,3,1,Bangladesh,EMJM AI,2022,No
333.0,95.0,7.5,3.57,4,4.0,2.2,1,3,27,Yes,5,1,India,EMJM AI,2022,Yes
336.0,111.0,8.5,2.18,2,2.6,1.8,0,0,23,Yes,3,0,India,EMJM DS,2023,No
330.0,98.0,7.5,2.29,3,2.7,2.1,1,0,32,Yes,4,0,India,EMJM AI,2023,No
309.0,114.0,8.5,3.39,2,2.4,4.3,1,2,21,Yes,5,1,Bangladesh,EMJM Cyber,2025,Yes
305.0,113.0,8.5,2.28,1,1.4,1.4,1,1,7,Yes,2,0,Pakistan,EMJM DS,2022,No
301.0,94.0,7.5,2.42,3,4.3,3.6,1,1,11,Yes,6,0,Nepal,EMJM Cyber,2023,Yes
292.0,118.0,9.0,3.52,3,3.7,2.8,0,1,7,No,5,0,Pakistan,EMJM DS,2023,No
297.0,100.0,7.5,3.11,3,2.2,2.1,1,1,9,Yes,3,0,India,EMJM DS,2025,No
295.0,99.0,7.5,2.45,4,1.1,2.4,0,0,14,Yes,2,0,Pakistan,EMJM Cyber,2023,No
294.0,110.0,8.5,3.97,4,3.9,3.1,1,3,14,Yes,5,1,India,EMJM DS,2025,Yes
334.0,97.0,7.5,2.04,2,2.5,2.3,1,1,34,Yes,4,0,Nepal,EMJM AI,2023,No
301.0,119.0,9.0,2.81,5,3.9,2.9,0,1,5,No,5,0,India,EMJM DS,2024,No
290.0,108.0,8.0,3.26,2,3.6,2.8,1,1,12,Yes,5,0,Bangladesh,EMJM DS,2022,No
329.0,113.0,8.5,3.4,4,2.8,1.5,0,0,25,Yes,3,0,Nepal,EMJM Cyber,2022,No
307.0,95.0,7.5,3.94,4,1.5,3.4,0,2,8,No,4,1,Nepal,EMJM AI,2023,No
299.0,120.0,9.0,2.78,2,4.5,1.2,0,0,10,No,4,0,Bangladesh,EMJM Cyber,2023,No
321.0,102.0,8.0,2.77,1,1.6,1.3,1,1,15,Yes,2,0,Nepal,EMJM Cyber,2023,No
326.0,98.0,7.5,2.59,5,1.0,3.2,0,0,24,Yes,3,0,Bangladesh,EMJM Cyber,2025,No
310.0,117.0,8.5,2.08,3,4.6,1.5,1,1,22,Yes,5,0,India,EMJM AI,2024,No
291.0,108.0,8.0,2.9,1,4.8,4.4,1,2,6,Yes,7,1,Bangladesh,EMJM DS,2024,No
332.0,102.0,8.0,2.44,1,2.0,4.3,1,0,33,Yes,5,0,Bangladesh,EMJM AI,2022,No
308.0,102.0,8.0,2.65,1,1.4,1.9,0,1,21,Yes,2,0,Nepal,EMJM Cyber,2023,No
325.0,116.0,8.5,3.84,3,3.7,4.5,1,3,29,Yes,6,1,Nepal,EMJM Cyber,2024,Yes
326.0,120.0,9.0,2.3,1,2.1,1.8,0,0,24,Yes,3,0,India,EMJM Cyber,2022,No
317.0,110.0,8.5,2.92,3,3.4,1.7,0,0,25,Yes,4,0,Bangladesh,EMJM AI,2025,No
314.0,106.0,8.0,3.62,2,3.5,1.8,1,3,24,Yes,4,1,Nepal,EMJM Cyber,2022,No
331.0,98.0,7.5,2.39,4,4.9,4.4,1,0,26,Yes,7,0,Bangladesh,EMJM Cyber,2022,Yes
310.0,117.0,8.5,2.38,5,1.1,3.2,1,1,10,Yes,3,0,Nepal,EMJM Cyber,2025,No
294.0,118.0,9.0,2.82,5,4.2,2.9,0,0,14,Yes,5,0,Pakistan,EMJM AI,2025,No
311.0,92.0,7.0,3.12,5,3.9,4.9,0,0,10,No,7,0,Nepal,EMJM DS,2024,No
317.0,109.0,8.0,3.14,2,1.3,4.4,0,0,13,Yes,4,0,Nepal,EMJM AI,2022,No
331.0,111.0,8.5,3.12,2,2.5,3.8,1,1,20,Yes,5,0,Bangladesh,EMJM Cyber,2022,No
294.0,112.0,8.5,3.56,5,4.7,2.3,0,2,14,Yes,5,1,Bangladesh,EMJM AI,2022,No
328.0,107.0,8.0,3.83,1,2.2,2.3,1,2,31,Yes,3,1,Bangladesh,EMJM DS,2022,Yes
307.0,120.0,9.0,2.73,5,4.3,3.6,1,1,14,Yes,6,0,Bangladesh,EMJM Cyber,2023,Yes
300.0,94.0,7.5,4.0,2,4.8,2.1,1,4,11,Yes,5,2,Nepal,EMJM DS,2025,No
335.0,119.0,9.0,2.68,5,2.2,3.6,1,1,28,Yes,4,0,Pakistan,EMJM DS,2025,Yes
325.0,92.0,7.0,2.52,4,3.8,4.1,0,0,23,Yes,6,0,Bangladesh,EMJM AI,2023,No
335.0,113.0,8.5,2.7,2,3.2,4.2,0,1,28,Yes,6,0,Nepal,EMJM DS,2022,No
339.0,114.0,8.5,3.83,3,3.0,4.3,1,2,30,Yes,6,1,India,EMJM DS,2025,Yes
334.0,92.0,7.0,2.16,2,2.2,3.8,1,0,22,Yes,5,0,Pakistan,EMJM Cyber,2025,No
318.0,95.0,7.5,3.79,1,3.3,2.8,1,3,20,Yes,5,1,Pakistan,EMJM AI,2024,No
294.0,100.0,7.5,3.28,3,2.3,1.8,0,0,14,Yes,3,0,Pakistan,EMJM AI,2024,No
313.0,97.0,7.5,2.67,3,1.1,4.7,1,2,17,Yes,4,1,Nepal,EMJM AI,2025,Yes
313.0,104.0,8.0,3.01,2,1.3,2.5,1,1,11,Yes,3,0,Pakistan,EMJM Cyber,2025,No
314.0,104.0,8.0,3.44,3,1.5,4.6,0,1,24,Yes,5,0,Bangladesh,EMJM DS,2024,No
326.0,119.0,9.0,2.08,4,3.6,2.5,1,1,30,Yes,5,0,Nepal,EMJM DS,2023,Yes
316.0,111.0,8.5,3.07,3,3.0,2.3,0,0,25,Yes,4,0,Pakistan,EMJM AI,2025,No
331.0,102.0,8.0,3.5,4,1.7,3.6,0,2,32,Yes,4,1,Pakistan,EMJM DS,2022,No
313.0,92.0,7.0,3.12,5,4.4,3.7,0,0,17,Yes,6,0,Pakistan,EMJM AI,2023,No
314.0,95.0,7.5,3.87,5,4.9,4.7,1,2,12,Yes,8,1,India,EMJM DS,2023,Yes
290.0,109.0,8.0,2.91,3,4.7,4.9,1,1,0,Yes,8,0,Pakistan,EMJM Cyber,2022,Yes
339.0,105.0,8.0,3.11,1,4.4,2.5,0,1,36,Yes,5,0,Pakistan,EMJM DS,2025,No
294.0,114.0,8.5,2.48,3,2.7,1.3,0,0,2,No,3,0,India,EMJM Cyber,2024,No
334.0,107.0,8.0,3.58,5,1.4,1.2,0,2,34,Yes,2,1,Nepal,EMJM Cyber,2023,No
322.0,94.0,7.5,2.59,4,3.1,2.3,1,2,16,Yes,4,1,Nepal,EMJM Cyber,2023,No
301.0,96.0,7.5,2.5,1,2.9,3.7,1,0,11,Yes,5,0,India,EMJM AI,2023,No
316.0,115.0,8.5,3.44,2,1.3,4.1,1,1,13,Yes,4,0,Bangladesh,EMJM AI,2025,Yes
314.0,96.0,7.5,2.82,1,2.1,4.8,0,0,24,Yes,5,0,Nepal,EMJM AI,2025,No
310.0,114.0,8.5,3.29,4,1.3,3.7,1,1,10,Yes,4,0,India,EMJM Cyber,2025,No
311.0,106.0,8.0,2.59,2,3.9,4.4,0,0,16,Yes,6,0,Bangladesh,EMJM DS,2022,No
333.0,113.0,8.5,3.47,3,3.4,3.1,1,1,33,Yes,5,0,Pakistan,EMJM AI,2025,Yes
328.0,98.0,7.5,2.47,5,4.6,4.1,0,0,19,Yes,7,0,India,EMJM DS,2023,No
304.0,115.0,8.5,2.99,2,4.7,3.6,1,2,13,Yes,6,1,Pakistan,EMJM Cyber,2024,No
298.0,103.0,8.0,2.99,1,2.2,4.2,1,2,10,Yes,5,1,Nepal,EMJM AI,2022,No
303.0,119.0,9.0,2.73,2,3.3,4.8,0,1,12,Yes,6,0,Bangladesh,EMJM Cyber,2023,No
308.0,97.0,7.5,2.55,3,2.6,4.9,0,1,21,Yes,6,0,India,EMJM DS,2024,No
294.0,117.0,8.5,3.62,5,4.5,3.2,1,3,8,Yes,6,1,Bangladesh,EMJM DS,2023,Yes
322.0,119.0,9.0,3.09,5,4.4,1.6,0,1,16,Yes,5,0,Bangladesh,EMJM Cyber,2025,No
335.0,102.0,8.0,2.53,3,4.9,3.6,1,2,28,Yes,7,1,Pakistan,EMJM DS,2025,Yes
336.0,111.0,8.5,2.36,1,4.9,3.6,1,1,29,Yes,7,0,Nepal,EMJM AI,2023,No
312.0,112.0,8.5,3.84,2,1.1,1.5,0,2,17,Yes,2,1,India,EMJM AI,2024,No
309.0,114.0,8.5,2.89,5,1.3,2.9,0,1,21,Yes,3,0,Pakistan,EMJM Cyber,2024,No
320.0,120.0,9.0,3.26,1,2.6,1.3,1,2,21,Yes,3,1,India,EMJM Cyber,2024,No
294.0,119.0,9.0,2.01,2,3.0,4.9,1,0,14,Yes,6,0,India,EMJM DS,2022,No
313.0,92.0,7.0,3.79,5,3.4,2.1,0,2,17,Yes,4,1,Nepal,EMJM DS,2022,No
296.0,97.0,7.5,2.22,3,4.2,4.8,0,0,3,No,7,0,Pakistan,EMJM DS,2025,No
338.0,96.0,7.5,2.32,5,3.5,3.5,0,0,24,Yes,5,0,India,EMJM DS,2023,No
290.0,108.0,8.0,3.84,1,3.5,1.2,0,2,0,No,3,1,India,EMJM AI,2022,No
309.0,106.0,8.0,3.5,5,3.7,4.2,1,2,9,Yes,6,1,Bangladesh,EMJM Cyber,2023,Yes
340.0,98.0,7.5,2.26,5,4.1,2.9,1,1,31,Yes,5,0,Bangladesh,EMJM AI,2024,Yes
304.0,108.0,8.0,3.43,2,1.4,1.1,1,2,7,Yes,2,1,Bangladesh,EMJM AI,2024,No
318.0,96.0,7.5,3.71,5,2.0,1.2,0,2,20,Yes,2,1,Nepal,EMJM DS,2023,No
336.0,94.0,7.5,2.77,3,3.6,3.5,1,2,35,Yes,5,1,Pakistan,EMJM DS,2023,No
317.0,92.0,7.0,2.92,2,3.6,3.7,0,0,13,Yes,6,0,Pakistan,EMJM DS,2023,No
333.0,98.0,7.5,2.35,3,2.8,2.7,1,0,21,Yes,4,0,Bangladesh,EMJM AI,2023,No
303.0,120.0,9.0,2.9,4,4.4,3.1,0,1,18,Yes,6,0,India,EMJM DS,2025,No
335.0,95.0,7.5,3.72,1,1.9,4.9,0,1,22,Yes,5,0,India,EMJM Cyber,2025,No
337.0,118.0,9.0,2.88,4,3.0,1.2,1,1,35,Yes,3,0,Nepal,EMJM Cyber,2025,Yes
309.0,115.0,8.5,2.92,5,4.4,4.4,0,1,21,Yes,7,0,Pakistan,EMJM Cyber,2023,No
306.0,119.0,9.0,3.28,3,3.7,4.9,0,0,14,Yes,7,0,Bangladesh,EMJM AI,2024,No
298.0,111.0,8.5,3.49,3,2.2,1.7,1,1,4,Yes,3,0,Nepal,EMJM Cyber,2022,No
312.0,100.0,7.5,2.35,5,3.4,2.8,0,0,23,Yes,5,0,Bangladesh,EMJM DS,2025,No
304.0,101.0,7.5,2.47,3,2.3,2.0,1,1,13,Yes,3,0,Nepal,EMJM Cyber,2023,No
340.0,115.0,8.5,3.7,5,1.3,3.1,0,1,36,Yes,3,0,Bangladesh,EMJM DS,2024,No
312.0,113.0,8.5,3.49,2,3.8,3.7,1,2,11,Yes,6,1,Nepal,EMJM Cyber,2024,Yes
302.0,114.0,8.5,2.72,5,2.0,3.1,0,0,6,No,4,0,Nepal,EMJM DS,2024,No
325.0,93.0,7.0,3.74,5,2.5,3.4,1,2,29,Yes,4,1,Nepal,EMJM DS,2022,Yes
306.0,93.0,7.0,2.33,3,1.1,3.8,1,1,14,Yes,4,0,Pakistan,EMJM Cyber,2022,No
327.0,94.0,7.5,3.28,3,2.6,1.7,1,2,18,Yes,3,1,Nepal,EMJM DS,2022,No
303.0,116.0,8.5,2.35,1,2.3,3.3,1,1,18,Yes,4,0,Bangladesh,EMJM AI,2023,No
292.0,108.0,8.0,3.4,3,4.0,2.6,0,1,1,No,5,0,India,EMJM DS,2024,No
329.0,103.0,8.0,3.26,2,1.0,2.5,1,1,25,Yes,2,0,India,EMJM Cyber,2024,No
300.0,109.0,8.0,3.46,5,1.4,3.4,0,0,17,Yes,4,0,India,EMJM Cyber,2025,No
326.0,118.0,9.0,2.91,5,1.5,1.2,1,2,18,Yes,2,1,India,EMJM DS,2022,Yes
322.0,105.0,8.0,3.12,5,2.2,4.9,1,2,22,Yes,5,1,Pakistan,EMJM Cyber,2024,Yes
316.0,93.0,7.0,3.26,4,4.9,4.5,1,1,13,Yes,7,0,Bangladesh,EMJM DS,2024,Yes
309.0,119.0,9.0,3.78,3,2.0,1.7,0,1,21,Yes,3,0,India,EMJM AI,2024,No
315.0,109.0,8.0,3.61,3,1.1,4.9,0,2,18,Yes,5,1,India,EMJM AI,2024,No
317.0,107.0,8.0,3.17,3,3.2,4.5,1,2,19,Yes,6,1,Pakistan,EMJM Cyber,2025,Yes
313.0,112.0,8.5,3.67,1,1.0,5.0,0,1,11,No,5,0,Nepal,EMJM DS,2022,No
327.0,95.0,7.5,2.08,2,4.2,4.1,1,1,18,Yes,6,0,Bangladesh,EMJM Cyber,2024,Yes
340.0,114.0,8.5,3.71,2,1.1,5.0,1,3,31,Yes,5,1,India,EMJM AI,2022,Yes
331.0,109.0,8.0,2.89,2,2.1,4.9,0,0,20,Yes,5,0,India,EMJM AI,2022,No
338.0,120.0,9.0,3.89,3,1.8,3.1,1,3,30,Yes,4,1,Pakistan,EMJM AI,2024,Yes
304.0,104.0,8.0,3.98,1,1.6,1.6,1,3,7,Yes,2,1,Pakistan,EMJM DS,2022,Yes
314.0,120.0,9.0,3.91,5,1.9,4.9,0,1,18,Yes,5,0,India,EMJM AI,2023,No
297.0,113.0,8.5,2.37,5,4.2,4.1,1,0,3,Yes,6,0,Pakistan,EMJM DS,2022,Yes
336.0,115.0,8.5,2.64,5,3.3,2.1,1,1,35,Yes,4,0,India,EMJM AI,2025,Yes
330.0,104.0,8.0,2.27,4,3.1,4.3,1,0,20,Yes,6,0,Nepal,EMJM Cyber,2023,Yes
317.0,120.0,9.0,3.74,3,1.1,1.4,0,2,13,Yes,2,1,Pakistan,EMJM AI,2025,No
293.0,104.0,8.0,2.33,1,2.2,3.4,1,1,13,Yes,4,0,Nepal,EMJM AI,2024,No
307.0,111.0,8.5,2.26,2,1.4,2.1,1,0,14,Yes,2,0,India,EMJM AI,2022,No
304.0,105.0,8.0,3.9,5,5.0,3.8,1,3,19,Yes,7,1,India,EMJM AI,2024,Yes
307.0,102.0,8.0,2.42,5,4.7,5.0,0,0,14,Yes,8,0,India,EMJM DS,2022,No
329.0,95.0,7.5,3.4,4,2.1,4.7,1,1,25,Yes,5,0,Pakistan,EMJM AI,2025,Yes
338.0,115.0,8.5,2.78,3,2.8,1.7,1,2,36,Yes,3,1,India,EMJM Cyber,2023,No
291.0,98.0,7.5,3.6,5,3.8,2.7,0,1,0,No,5,0,Bangladesh,EMJM AI,2025,No
298.0,100.0,7.5,3.31,4,3.9,2.8,1,2,10,Yes,5,1,Nepal,EMJM DS,2025,Yes
294.0,92.0,7.0,3.29,5,1.1,1.7,0,1,8,No,2,0,Bangladesh,EMJM Cyber,2023,No
290.0,109.0,8.0,3.62,4,4.0,2.2,1,3,12,Yes,5,1,Nepal,EMJM AI,2023,Yes
318.0,108.0,8.0,2.81,1,4.7,2.3,1,2,26,Yes,5,1,Nepal,EMJM AI,2025,No
313.0,94.0,7.5,2.14,1,1.8,3.7,1,0,17,Yes,4,0,Pakistan,EMJM DS,2023,No
335.0,96.0,7.5,2.29,2,4.8,1.9,1,0,34,Yes,5,0,Bangladesh,EMJM AI,2025,No
320.0,105.0,8.0,3.18,1,1.1,2.9,1,1,15,Yes,3,0,Pakistan,EMJM Cyber,2022,No
293.0,98.0,7.5,3.92,2,4.1,1.4,0,2,7,No,4,1,India,EMJM Cyber,2024,No
325.0,95.0,7.5,3.64,1,3.1,2.6,0,1,17,Yes,4,0,Nepal,EMJM Cyber,2023,No
295.0,104.0,8.0,3.76,4,2.2,4.8,0,1,8,No,5,0,India,EMJM AI,2023,No
340.0,96.0,7.5,2.17,2,1.6,2.8,0,0,36,Yes,3,0,India,EMJM DS,2023,No
333.0,97.0,7.5,3.97,1,2.8,3.2,0,2,21,Yes,5,1,India,EMJM Cyber,2023,No
324.0,116.0,8.5,2.63,4,1.9,2.3,1,2,23,Yes,3,1,India,EMJM AI,2024,Yes
333.0,115.0,8.5,2.76,1,4.2,4.0,1,1,27,Yes,6,0,Pakistan,EMJM AI,2023,Yes
319.0,101.0,7.5,3.64,2,3.3,4.6,1,2,14,Yes,6,1,Pakistan,EMJM Cyber,2025,Yes
298.0,119.0,9.0,3.73,4,4.7,2.4,1,3,10,Yes,5,1,Pakistan,EMJM AI,2022,Yes
291.0,104.0,8.0,3.98,3,3.6,3.5,1,2,0,Yes,5,1,Nepal,EMJM AI,2024,Yes
318.0,115.0,8.5,3.85,1,1.4,3.8,1,2,26,Yes,4,1,Pakistan,EMJM Cyber,2022,Yes
337.0,96.0,7.5,3.28,2,2.0,5.0,1,1,29,Yes,5,0,Pakistan,EMJM Cyber,2025,No
338.0,99.0,7.5,3.72,1,4.3,2.1,1,2,24,Yes,5,1,Pakistan,EMJM AI,2025,Yes
335.0,106.0,8.0,3.69,2,3.2,3.3,1,3,28,Yes,5,1,India,EMJM DS,2025,Yes
327.0,119.0,9.0,2.7,2,4.8,1.7,1,2,18,Yes,5,1,Pakistan,EMJM AI,2023,No
313.0,119.0,9.0,2.46,5,3.8,2.1,1,1,11,Yes,4,0,Pakistan,EMJM Cyber,2022,No
326.0,107.0,8.0,3.87,2,3.9,2.3,1,2,18,Yes,5,1,Nepal,EMJM AI,2022,Yes
320.0,104.0,8.0,3.95,3,2.1,3.9,0,2,21,Yes,5,1,Nepal,EMJM AI,2022,No
330.0,114.0,8.5,3.06,1,5.0,4.7,1,2,32,Yes,8,1,Bangladesh,EMJM AI,2025,Yes
295.0,106.0,8.0,2.64,4,2.9,4.8,0,1,2,No,6,0,Bangladesh,EMJM Cyber,2022,No
337.0,93.0,7.0,3.7,1,2.2,4.4,1,3,23,Yes,5,1,Bangladesh,EMJM Cyber,2024,No
336.0,92.0,7.0,3.04,3,4.1,2.5,1,2,23,Yes,5,1,Nepal,EMJM Cyber,2024,Yes
326.0,117.0,8.5,3.81,2,4.3,3.0,1,2,18,Yes,6,1,Nepal,EMJM Cyber,2025,Yes
329.0,106.0,8.0,2.75,3,1.8,2.1,0,0,25,Yes,3,0,Nepal,EMJM DS,2025,No
302.0,118.0,9.0,4.0,2,2.8,4.8,0,3,6,No,6,1,Bangladesh,EMJM AI,2022,No
296.0,115.0,8.5,3.46,5,3.7,2.2,0,0,3,No,4,0,Bangladesh,EMJM AI,2022,No
292.0,111.0,8.5,2.47,4,4.5,5.0,0,0,13,Yes,7,0,Bangladesh,EMJM DS,2022,No
319.0,109.0,8.0,2.01,1,3.9,1.4,0,0,26,Yes,4,0,Nepal,EMJM AI,2024,No
329.0,119.0,9.0,2.24,4,2.1,1.8,0,0,31,Yes,3,0,India,EMJM AI,2024,No
323.0,93.0,7.0,3.27,5,3.7,2.2,0,1,16,Yes,4,0,Pakistan,EMJM Cyber,2023,No
338.0,109.0,8.0,2.16,1,4.8,2.1,1,0,30,Yes,5,0,Bangladesh,EMJM Cyber,2024,No
305.0,104.0,8.0,2.93,3,4.4,3.7,0,0,19,Yes,6,0,Bangladesh,EMJM AI,2024,No
325.0,109.0,8.0,2.36,3,4.8,4.8,1,0,23,Yes,8,0,Nepal,EMJM DS,2025,Yes
339.0,93.0,7.0,2.17,2,2.2,2.6,1,0,36,Yes,4,0,Nepal,EMJM DS,2022,No
305.0,117.0,8.5,3.44,2,2.7,3.0,1,2,19,Yes,4,1,Bangladesh,EMJM AI,2024,Yes
318.0,108.0,8.0,3.54,5,3.8,4.8,0,2,20,Yes,7,1,Bangladesh,EMJM DS,2024,Yes
309.0,95.0,7.5,3.52,4,3.5,3.6,1,2,15,Yes,5,1,Pakistan,EMJM Cyber,2025,Yes
301.0,99.0,7.5,3.09,3,2.1,2.4,1,1,5,Yes,3,0,Bangladesh,EMJM AI,2023,No
315.0,117.0,8.5,3.81,4,3.1,3.6,0,1,24,Yes,5,0,India,EMJM Cyber,2023,No
318.0,112.0,8.5,2.32,2,2.6,3.0,1,1,26,Yes,4,0,India,EMJM DS,2022,No
315.0,119.0,9.0,3.19,5,3.2,3.1,0,1,24,Yes,5,0,Pakistan,EMJM Cyber,2022,No
335.0,98.0,7.5,2.11,2,3.9,4.4,0,0,28,Yes,6,0,Nepal,EMJM Cyber,2023,No
338.0,106.0,8.0,3.15,3,3.7,1.4,0,0,36,Yes,4,0,India,EMJM Cyber,2023,No
313.0,107.0,8.0,3.25,4,4.4,2.4,0,1,17,Yes,5,0,Nepal,EMJM AI,2023,No
338.0,99.0,7.5,2.62,1,2.1,2.2,0,0,30,Yes,3,0,Nepal,EMJM Cyber,2024,No
334.0,104.0,8.0,3.58,4,2.7,1.1,1,3,22,Yes,3,1,Pakistan,EMJM AI,2023,No
338.0,100.0,7.5,3.0,4,3.9,3.6,1,2,24,Yes,6,1,Pakistan,EMJM Cyber,2023,Yes
333.0,97.0,7.5,2.84,5,3.9,2.6,1,1,27,Yes,5,0,Nepal,EMJM AI,2023,Yes
312.0,102.0,8.0,3.45,1,3.5,2.3,1,1,11,Yes,4,0,Pakistan,EMJM DS,2022,No
330.0,96.0,7.5,3.74,3,1.9,4.8,1,3,20,Yes,5,1,Pakistan,EMJM AI,2024,No
304.0,97.0,7.5,3.48,4,3.3,2.8,0,0,7,No,5,0,India,EMJM AI,2024,No
305.0,111.0,8.5,3.55,4,3.6,4.2,1,3,13,Yes,6,1,India,EMJM DS,2023,Yes
297.0,109.0,8.0,2.86,2,3.9,2.1,0,0,3,No,5,0,Bangladesh,EMJM Cyber,2023,No
294.0,100.0,7.5,3.64,3,2.4,3.6,1,3,2,Yes,5,1,Bangladesh,EMJM Cyber,2023,No
302.0,113.0,8.5,2.63,2,4.6,4.8,1,1,18,Yes,7,0,Bangladesh,EMJM Cyber,2023,Yes
291.0,119.0,9.0,3.0,3,2.9,4.9,1,2,6,Yes,6,1,Bangladesh,EMJM Cyber,2022,Yes
335.0,116.0,8.5,3.13,4,4.4,3.6,0,0,28,Yes,6,0,Pakistan,EMJM AI,2022,No
326.0,98.0,7.5,2.62,2,3.0,3.2,0,1,24,Yes,5,0,Pakistan,EMJM AI,2025,No
292.0,110.0,8.5,3.28,3,3.8,3.5,0,0,7,No,6,0,Pakistan,EMJM Cyber,2025,No
333.0,114.0,8.5,3.49,5,1.8,1.2,0,1,21,Yes,2,0,Pakistan,EMJM AI,2023,No
313.0,107.0,8.0,3.38,1,4.5,3.5,0,0,23,Yes,6,0,Bangladesh,EMJM Cyber,2022,No
311.0,97.0,7.5,3.31,2,4.4,4.3,0,1,16,Yes,7,0,Bangladesh,EMJM AI,2022,No
332.0,104.0,8.0,3.84,4,4.1,3.0,0,1,27,Yes,5,0,Nepal,EMJM AI,2022,No
315.0,97.0,7.5,3.02,1,2.4,3.9,0,1,18,Yes,5,0,Bangladesh,EMJM Cyber,2024,No
299.0,102.0,8.0,2.04,4,3.9,1.9,0,0,16,Yes,4,0,Bangladesh,EMJM DS,2025,No
324.0,110.0,8.5,3.74,4,2.6,1.1,0,1,17,Yes,3,0,Bangladesh,EMJM DS,2022,No
290.0,108.0,8.0,2.12,4,2.8,1.4,0,0,12,Yes,3,0,Nepal,EMJM AI,2025,No
333.0,96.0,7.5,2.37,2,1.2,1.6,1,0,21,Yes,2,0,Pakistan,EMJM Cyber,2022,No
328.0,98.0,7.5,2.82,2,3.2,2.6,1,1,25,Yes,4,0,Nepal,EMJM Cyber,2025,No
337.0,99.0,7.5,2.7,3,4.8,3.1,0,1,23,Yes,6,0,India,EMJM DS,2024,No
330.0,117.0,8.5,2.76,5,3.9,3.3,1,1,20,Yes,6,0,Bangladesh,EMJM Cyber,2025,Yes
300.0,97.0,7.5,2.8,2,1.7,3.6,1,2,11,Yes,4,1,India,EMJM Cyber,2022,No
332.0,93.0,7.0,3.42,1,1.9,4.1,0,1,33,Yes,5,0,Pakistan,EMJM AI,2023,No
292.0,93.0,7.0,2.11,5,1.4,3.7,0,0,7,No,4,0,Nepal,EMJM Cyber,2023,No
307.0,110.0,8.5,2.24,1,2.0,4.3,1,1,14,Yes,5,0,Nepal,EMJM AI,2025,No
307.0,94.0,7.5,2.41,5,3.5,1.4,1,1,8,Yes,4,0,India,EMJM AI,2023,No
315.0,102.0,8.0,3.8,1,2.1,1.9,1,3,24,Yes,3,1,Bangladesh,EMJM AI,2023,Yes
323.0,97.0,7.5,3.9,2,2.8,3.5,0,2,28,Yes,5,1,Bangladesh,EMJM DS,2023,No
322.0,92.0,7.0,3.42,4,4.1,2.9,0,0,16,Yes,5,0,India,EMJM Cyber,2022,No
326.0,115.0,8.5,2.92,2,4.1,3.5,0,1,30,Yes,6,0,Nepal,EMJM AI,2023,No
293.0,111.0,8.5,2.55,1,2.3,1.5,0,1,7,No,3,0,Bangladesh,EMJM AI,2022,No
335.0,97.0,7.5,3.28,5,4.7,3.9,1,1,28,Yes,7,0,Nepal,EMJM AI,2023,Yes
331.0,106.0,8.0,3.11,3,2.4,4.6,0,1,26,Yes,5,0,Bangladesh,EMJM DS,2025,No
304.0,98.0,7.5,3.9,5,4.1,2.7,1,2,19,Yes,5,1,Bangladesh,EMJM Cyber,2024,Yes
310.0,95.0,7.5,2.09,5,5.0,1.8,1,1,16,Yes,5,0,Nepal,EMJM Cyber,2022,No
330.0,104.0,8.0,3.32,2,1.8,4.9,0,1,26,Yes,5,0,India,EMJM AI,2023,No
320.0,94.0,7.5,3.67,4,4.2,1.9,1,2,15,Yes,5,1,Nepal,EMJM DS,2023,Yes
321.0,107.0,8.0,2.44,1,4.0,3.0,1,1,21,Yes,5,0,India,EMJM Cyber,2025,No
299.0,117.0,8.5,2.79,1,4.6,2.4,0,0,4,No,5,0,Nepal,EMJM Cyber,2023,No
291.0,117.0,8.5,2.57,4,1.2,1.9,0,1,12,Yes,2,0,Nepal,EMJM Cyber,2023,No
332.0,112.0,8.5,3.41,3,1.1,3.4,0,1,33,Yes,3,0,Pakistan,EMJM Cyber,2025,No
323.0,120.0,9.0,2.05,3,2.2,1.3,0,0,28,Yes,2,0,India,EMJM DS,2023,No
334.0,111.0,8.5,2.98,5,1.1,3.2,1,1,28,Yes,3,0,Bangladesh,EMJM AI,2025,Yes
290.0,109.0,8.0,3.16,5,4.4,1.7,0,0,12,Yes,5,0,Pakistan,EMJM AI,2024,No
337.0,92.0,7.0,3.68,2,1.3,3.0,1,2,29,Yes,3,1,Pakistan,EMJM AI,2024,No
326.0,114.0,8.5,3.3,5,4.2,4.2,1,1,24,Yes,7,0,Pakistan,EMJM Cyber,2024,Yes
322.0,94.0,7.5,3.09,1,1.3,3.8,0,0,22,Yes,4,0,Pakistan,EMJM Cyber,2023,No
297.0,97.0,7.5,3.72,2,4.7,1.9,0,1,15,Yes,5,0,India,EMJM Cyber,2025,No
324.0,111.0,8.5,3.13,1,4.0,1.7,1,2,29,Yes,4,1,Bangladesh,EMJM AI,2025,No
291.0,112.0,8.5,3.86,3,4.8,3.2,0,1,6,No,6,0,Bangladesh,EMJM Cyber,2023,No
293.0,103.0,8.0,2.32,5,1.6,2.7,0,0,13,Yes,3,0,Nepal,EMJM Cyber,2025,No
302.0,114.0,8.5,3.04,3,1.5,1.6,0,0,18,Yes,2,0,India,EMJM DS,2024,No
305.0,104.0,8.0,2.7,5,2.5,1.2,1,2,19,Yes,3,1,Bangladesh,EMJM DS,2023,No
299.0,97.0,7.5,2.25,1,3.2,1.4,0,0,10,No,3,0,Bangladesh,EMJM AI,2025,No
299.0,117.0,8.5,3.76,5,4.9,3.8,1,2,4,Yes,7,1,Bangladesh,EMJM Cyber,2023,Yes
319.0,110.0,8.5,3.15,3,2.3,2.4,0,0,20,Yes,3,0,India,EMJM AI,2023,No
292.0,93.0,7.0,2.37,3,3.4,2.8,0,0,13,Yes,5,0,Bangladesh,EMJM AI,2022,No
308.0,116.0,8.5,3.28,5,3.2,3.4,0,1,9,No,5,0,Nepal,EMJM DS,2025,No
330.0,118.0,9.0,2.88,5,3.8,2.2,0,0,26,Yes,5,0,Bangladesh,EMJM DS,2025,No
319.0,115.0,8.5,2.99,5,2.6,1.2,0,1,20,Yes,3,0,Pakistan,EMJM AI,2025,No
306.0,113.0,8.5,3.58,4,2.4,4.1,0,2,14,Yes,5,1,India,EMJM AI,2023,No
313.0,95.0,7.5,2.17,5,4.6,4.6,1,1,11,Yes,7,0,India,EMJM DS,2022,Yes
299.0,116.0,8.5,3.16,4,1.8,1.0,1,1,16,Yes,2,0,India,EMJM Cyber,2022,No
297.0,107.0,8.0,2.72,4,1.9,3.7,1,2,15,Yes,4,1,Pakistan,EMJM DS,2022,No
298.0,97.0,7.5,3.09,2,2.3,2.5,0,0,16,Yes,4,0,Pakistan,EMJM AI,2022,No
323.0,117.0,8.5,3.2,2,3.2,2.1,0,1,16,Yes,4,0,Pakistan,EMJM Cyber,2024,No
310.0,100.0,7.5,3.39,5,2.8,3.4,0,1,22,Yes,5,0,Nepal,EMJM AI,2025,No
333.0,105.0,8.0,3.9,5,2.3,4.9,0,2,27,Yes,6,1,India,EMJM AI,2023,No
297.0,109.0,8.0,2.81,3,2.8,3.5,1,1,15,Yes,5,0,Bangladesh,EMJM AI,2024,No
338.0,116.0,8.5,2.55,5,4.0,1.1,1,2,30,Yes,4,1,Pakistan,EMJM Cyber,2025,Yes
329.0,110.0,8.5,3.81,4,2.8,3.3,0,1,31,Yes,5,0,Bangladesh,EMJM AI,2024,No
303.0,103.0,8.0,3.04,5,1.5,1.2,1,2,18,Yes,2,1,India,EMJM Cyber,2023,No
313.0,103.0,8.0,3.84,2,4.6,4.5,1,2,11,Yes,7,1,Pakistan,EMJM Cyber,2023,Yes
290.0,101.0,7.5,2.18,4,3.2,2.3,1,0,6,Yes,4,0,Bangladesh,EMJM DS,2022,No
304.0,113.0,8.5,2.72,1,5.0,1.7,0,1,7,No,5,0,Bangladesh,EMJM Cyber,2024,No
297.0,102.0,8.0,3.27,5,2.7,3.1,0,1,9,No,4,0,Bangladesh,EMJM AI,2024,No
335.0,105.0,8.0,2.02,1,1.1,1.1,1,0,34,Yes,1,0,Bangladesh,EMJM Cyber,2025,No
340.0,116.0,8.5,2.64,5,4.9,1.3,1,1,25,Yes,5,0,Bangladesh,EMJM AI,2024,Yes
290.0,110.0,8.5,2.88,1,1.3,4.4,0,0,6,No,4,0,India,EMJM AI,2023,No
339.0,98.0,7.5,3.31,4,1.7,1.7,1,1,24,Yes,2,0,Pakistan,EMJM Cyber,2025,No
299.0,97.0,7.5,2.26,1,4.2,1.5,1,1,4,Yes,4,0,India,EMJM DS,2024,No
322.0,116.0,8.5,2.98,2,2.3,3.3,1,2,16,Yes,4,1,Pakistan,EMJM DS,2023,Yes
312.0,99.0,7.5,3.59,4,2.7,4.6,0,1,17,Yes,6,0,Nepal,EMJM DS,2022,No
306.0,100.0,7.5,3.64,2,4.1,1.0,1,2,8,Yes,4,1,Pakistan,EMJM AI,2022,No
336.0,96.0,7.5,3.7,2,2.6,1.8,1,3,35,Yes,3,1,Nepal,EMJM AI,2024,No
325.0,95.0,7.5,3.86,2,4.3,4.4,0,1,23,Yes,7,0,Bangladesh,EMJM AI,2025,No
309.0,102.0,8.0,3.77,2,2.1,4.1,1,2,9,Yes,5,1,Nepal,EMJM DS,2022,Yes
317.0,110.0,8.5,2.98,1,4.9,2.3,0,0,25,Yes,6,0,India,EMJM DS,2022,No
297.0,102.0,8.0,3.1,5,4.2,2.3,0,1,3,No,5,0,Bangladesh,EMJM DS,2025,No
311.0,113.0,8.5,2.04,1,3.5,4.8,0,0,10,No,6,0,Nepal,EMJM DS,2023,No
320.0,93.0,7.0,3.54,2,1.5,1.6,0,1,21,Yes,2,0,Pakistan,EMJM DS,2024,No
328.0,96.0,7.5,3.34,1,3.1,3.5,0,1,31,Yes,5,0,Bangladesh,EMJM DS,2023,No
306.0,95.0,7.5,2.04,5,4.5,1.4,0,0,14,Yes,4,0,Bangladesh,EMJM AI,2022,No
326.0,115.0,8.5,2.9,4,3.7,1.1,0,1,18,Yes,4,0,Pakistan,EMJM DS,2024,No
338.0,106.0,8.0,3.7,5,2.1,5.0,0,2,24,Yes,5,1,Nepal,EMJM AI,2025,No
292.0,103.0,8.0,3.73,3,2.2,3.9,1,2,1,Yes,5,1,Pakistan,EMJM AI,2025,Yes
312.0,107.0,8.0,2.26,1,2.5,4.7,1,0,17,Yes,6,0,Pakistan,EMJM AI,2023,No
314.0,119.0,9.0,2.93,4,2.8,3.3,1,1,18,Yes,5,0,India,EMJM AI,2023,Yes
328.0,116.0,8.5,3.72,5,3.1,1.5,0,1,19,Yes,3,0,Nepal,EMJM Cyber,2022,No
305.0,109.0,8.0,2.59,4,4.9,2.0,0,0,19,Yes,5,0,Bangladesh,EMJM DS,2024,No
296.0,101.0,7.5,2.87,2,2.9,2.4,1,1,9,Yes,4,0,Pakistan,EMJM Cyber,2025,No
294.0,100.0,7.5,3.68,3,4.8,2.7,1,2,2,Yes,6,1,India,EMJM DS,2024,Yes
308.0,116.0,8.5,3.65,5,1.9,3.0,1,3,9,Yes,4,1,Pakistan,EMJM AI,2022,Yes
316.0,116.0,8.5,2.15,5,1.0,2.2,0,0,19,Yes,2,0,Nepal,EMJM Cyber,2025,No
334.0,119.0,9.0,2.23,5,4.5,3.2,1,1,34,Yes,6,0,Nepal,EMJM AI,2022,Yes
314.0,94.0,7.5,2.88,3,2.1,2.8,0,0,18,Yes,4,0,Pakistan,EMJM DS,2025,No
336.0,103.0,8.0,2.35,1,4.6,1.4,0,0,23,Yes,5,0,India,EMJM Cyber,2023,No
334.0,99.0,7.5,3.62,2,1.6,4.7,1,2,28,Yes,5,1,Nepal,EMJM DS,2023,Yes
291.0,112.0,8.5,3.89,4,3.4,2.8,1,2,12,Yes,5,1,Pakistan,EMJM DS,2023,Yes
290.0,119.0,9.0,2.09,5,4.5,3.4,1,0,6,Yes,6,0,India,EMJM DS,2024,Yes
336.0,100.0,7.5,2.97,1,2.5,4.0,1,1,35,Yes,5,0,Pakistan,EMJM Cyber,2024,No
319.0,98.0,7.5,3.61,2,4.8,3.3,0,2,20,Yes,6,1,Bangladesh,EMJM AI,2023,No
312.0,113.0,8.5,3.31,5,2.0,3.5,1,1,11,Yes,4,0,Pakistan,EMJM AI,2024,Yes
338.0,101.0,7.5,3.35,5,3.2,1.9,1,2,24,Yes,4,1,Bangladesh,EMJM AI,2024,Yes
316.0,117.0,8.5,2.34,3,1.2,2.0,1,1,25,Yes,2,0,Pakistan,EMJM Cyber,2023,No
290.0,97.0,7.5,2.15,3,4.8,1.4,0,0,0,No,5,0,India,EMJM Cyber,2025,No
319.0,93.0,7.0,2.9,1,1.1,4.4,0,1,20,Yes,4,0,India,EMJM Cyber,2022,No
323.0,117.0,8.5,2.21,3,1.6,3.6,0,0,22,Yes,4,0,Nepal,EMJM Cyber,2024,No
305.0,119.0,9.0,2.97,2,2.7,4.2,0,1,19,Yes,5,0,Nepal,EMJM DS,2023,No
302.0,110.0,8.5,3.56,5,1.3,4.3,1,3,6,Yes,4,1,Nepal,EMJM DS,2025,Yes
318.0,105.0,8.0,2.04,1,1.1,2.0,1,1,26,Yes,2,0,India,EMJM DS,2023,No
315.0,119.0,9.0,3.5,1,1.2,1.9,1,2,24,Yes,2,1,Nepal,EMJM Cyber,2024,No
337.0,99.0,7.5,2.04,4,4.7,1.7,1,1,29,Yes,5,0,India,EMJM Cyber,2023,No
306.0,102.0,8.0,3.23,2,2.0,1.4,1,1,14,Yes,2,0,Bangladesh,EMJM AI,2022,No
334.0,111.0,8.5,2.32,5,2.6,2.4,0,0,28,Yes,4,0,Nepal,EMJM Cyber,2023,No
328.0,95.0,7.5,3.57,3,3.6,5.0,1,3,31,Yes,7,1,Pakistan,EMJM DS,2022,Yes
327.0,115.0,8.5,3.69,1,3.4,4.6,0,1,30,Yes,6,0,Nepal,EMJM Cyber,2023,No
319.0,96.0,7.5,2.16,2,3.2,2.6,1,0,14,Yes,4,0,India,EMJM DS,2025,No
315.0,92.0,7.0,3.01,4,4.1,4.9,1,2,24,Yes,7,1,Bangladesh,EMJM AI,2022,Yes
296.0,94.0,7.5,2.24,5,3.4,1.0,1,1,15,Yes,3,0,India,EMJM AI,2022,No
307.0,96.0,7.5,3.64,5,2.0,4.1,1,2,14,Yes,5,1,Pakistan,EMJM AI,2022,Yes
334.0,107.0,8.0,2.66,2,2.2,4.5,0,1,28,Yes,5,0,Nepal,EMJM DS,2025,No
324.0,110.0,8.5,2.83,2,4.1,1.2,1,1,23,Yes,4,0,Nepal,EMJM Cyber,2023,Yes
311.0,115.0,8.5,3.22,3,3.5,1.9,1,2,22,Yes,4,1,Nepal,EMJM DS,2022,Yes
319.0,118.0,9.0,2.25,2,2.5,1.2,1,1,20,Yes,3,0,Bangladesh,EMJM Cyber,2024,No
303.0,94.0,7.5,2.91,3,4.5,2.9,1,2,12,Yes,6,1,Bangladesh,EMJM AI,2024,Yes
318.0,99.0,7.5,2.31,3,4.5,3.8,0,0,14,Yes,6,0,Pakistan,EMJM DS,2025,No
295.0,114.0,8.5,2.91,4,3.1,3.7,1,1,2,Yes,5,0,Nepal,EMJM DS,2024,No
324.0,96.0,7.5,3.22,3,1.5,1.6,1,2,29,Yes,2,1,Bangladesh,EMJM DS,2024,No
340.0,100.0,7.5,2.22,2,3.5,2.0,1,0,25,Yes,4,0,Bangladesh,EMJM Cyber,2025,No
309.0,118.0,9.0,2.91,4,1.6,3.5,1,1,9,Yes,4,0,Bangladesh,EMJM AI,2024,Yes
328.0,118.0,9.0,2.17,4,3.4,4.9,0,0,25,Yes,6,0,Bangladesh,EMJM AI,2025,No
333.0,116.0,8.5,2.13,2,1.5,3.8,0,0,33,Yes,4,0,Pakistan,EMJM AI,2024,No
309.0,113.0,8.5,2.44,5,1.5,1.4,1,1,21,Yes,2,0,Bangladesh,EMJM AI,2022,No
320.0,111.0,8.5,3.16,5,3.1,4.2,1,2,21,Yes,6,1,Nepal,EMJM Cyber,2023,Yes
328.0,112.0,8.5,2.06,5,4.6,1.4,0,0,31,Yes,5,0,Bangladesh,EMJM Cyber,2023,No
315.0,119.0,9.0,2.4,5,4.8,4.2,0,0,12,Yes,7,0,India,EMJM DS,2024,No
301.0,92.0,7.0,2.42,3,4.0,4.3,1,0,11,Yes,6,0,Bangladesh,EMJM AI,2025,Yes
315.0,105.0,8.0,3.23,5,4.8,3.9,0,0,24,Yes,7,0,Pakistan,EMJM DS,2023,No
326.0,108.0,8.0,3.07,3,1.6,2.7,0,0,24,Yes,3,0,Bangladesh,EMJM AI,2023,No
316.0,113.0,8.5,3.65,4,4.6,3.3,1,3,13,Yes,6,1,Pakistan,EMJM AI,2022,Yes
340.0,96.0,7.5,3.13,2,1.7,3.4,0,0,36,Yes,4,0,Pakistan,EMJM AI,2022,No
314.0,116.0,8.5,2.99,5,4.0,4.7,0,1,18,Yes,7,0,Nepal,EMJM DS,2022,No
335.0,98.0,7.5,2.93,4,4.4,1.4,1,2,22,Yes,4,1,Bangladesh,EMJM DS,2022,No
336.0,107.0,8.0,2.81,2,2.6,3.8,1,1,29,Yes,5,0,Bangladesh,EMJM Cyber,2024,Yes
318.0,106.0,8.0,2.08,3,2.7,1.1,0,0,14,Yes,3,0,India,EMJM DS,2024,No
324.0,112.0,8.5,3.28,3,4.6,2.8,0,1,17,Yes,6,0,Pakistan,EMJM DS,2023,No
340.0,111.0,8.5,2.77,1,2.1,4.6,1,1,25,Yes,5,0,India,EMJM DS,2022,No
316.0,93.0,7.0,3.54,1,1.9,4.4,0,1,13,Yes,5,0,Bangladesh,EMJM Cyber,2023,No
334.0,108.0,8.0,3.28,3,3.5,4.3,0,1,22,Yes,6,0,India,EMJM AI,2023,No
327.0,98.0,7.5,2.94,3,3.1,4.2,0,0,24,Yes,6,0,India,EMJM AI,2023,No
291.0,100.0,7.5,3.25,1,4.3,3.4,1,1,0,Yes,6,0,India,EMJM DS,2022,No
324.0,110.0,8.5,2.74,3,1.2,1.2,1,2,17,Yes,2,1,Pakistan,EMJM Cyber,2023,No
328.0,92.0,7.0,3.67,4,1.5,4.9,1,2,31,Yes,5,1,Bangladesh,EMJM AI,2023,Yes
293.0,119.0,9.0,2.89,1,2.8,2.7,0,1,1,No,4,0,Bangladesh,EMJM Cyber,2025,No
319.0,103.0,8.0,2.11,3,4.1,1.7,0,0,20,Yes,4,0,Nepal,EMJM AI,2024,No
312.0,120.0,9.0,3.29,5,3.5,4.0,1,2,17,Yes,6,1,Nepal,EMJM DS,2024,Yes
330.0,100.0,7.5,2.54,5,2.6,2.4,0,1,26,Yes,4,0,Pakistan,EMJM AI,2022,No
339.0,102.0,8.0,3.09,3,1.2,3.1,1,1,36,Yes,3,0,India,EMJM AI,2025,No
327.0,109.0,8.0,3.59,5,3.2,1.3,0,2,24,Yes,3,1,Bangladesh,EMJM DS,2025,No
331.0,93.0,7.0,3.0,4,3.3,1.1,1,2,26,Yes,3,1,Nepal,EMJM Cyber,2025,No
306.0,116.0,8.5,3.24,5,2.0,1.4,0,0,20,Yes,2,0,Pakistan,EMJM DS,2023,No
313.0,119.0,9.0,3.94,4,3.1,4.4,1,2,17,Yes,6,1,India,EMJM Cyber,2025,Yes
324.0,107.0,8.0,3.72,3,4.1,2.3,0,1,17,Yes,5,0,Bangladesh,EMJM Cyber,2022,No
308.0,114.0,8.5,3.44,5,1.7,1.8,0,1,15,Yes,2,0,Nepal,EMJM DS,2025,No
294.0,104.0,8.0,3.91,3,2.1,2.8,0,2,14,Yes,4,1,Bangladesh,EMJM Cyber,2025,No
299.0,100.0,7.5,2.22,1,3.7,1.1,1,1,16,Yes,4,0,Nepal,EMJM DS,2023,No
337.0,118.0,9.0,3.19,1,4.8,2.6,0,0,29,Yes,6,0,Bangladesh,EMJM DS,2025,No
311.0,104.0,8.0,3.53,2,1.2,3.1,0,1,22,Yes,3,0,Nepal,EMJM Cyber,2022,No
323.0,113.0,8.5,3.49,2,3.8,1.7,0,0,22,Yes,4,0,Nepal,EMJM DS,2024,No
297.0,110.0,8.5,3.39,4,1.7,4.8,0,1,15,Yes,5,0,Nepal,EMJM AI,2025,No
320.0,112.0,8.5,2.39,5,1.9,4.9,1,0,15,Yes,5,0,Pakistan,EMJM Cyber,2024,Yes
323.0,115.0,8.5,2.22,5,2.7,1.2,0,0,22,Yes,3,0,Pakistan,EMJM AI,2025,No
314.0,109.0,8.0,2.17,2,4.1,1.4,1,1,12,Yes,4,0,Nepal,EMJM Cyber,2023,No
330.0,107.0,8.0,3.53,5,1.7,1.4,1,2,32,Yes,2,1,India,EMJM DS,2023,Yes
302.0,120.0,9.0,2.78,3,2.5,4.0,1,1,18,Yes,5,0,Bangladesh,EMJM Cyber,2024,No
320.0,92.0,7.0,3.92,3,2.5,1.1,0,1,27,Yes,3,0,Nepal,EMJM AI,2023,No
292.0,109.0,8.0,2.11,2,4.2,3.7,0,0,1,No,6,0,Nepal,EMJM AI,2023,No
340.0,101.0,7.5,3.75,1,2.4,4.9,1,3,25,Yes,6,1,Bangladesh,EMJM AI,2023,Yes
315.0,110.0,8.5,2.04,1,2.3,3.6,0,0,24,Yes,4,0,India,EMJM Cyber,2022,No
326.0,105.0,8.0,3.98,5,3.9,3.8,0,2,24,Yes,6,1,Nepal,EMJM Cyber,2025,No
291.0,94.0,7.5,3.78,5,1.7,3.6,0,2,12,Yes,4,1,Pakistan,EMJM DS,2024,No
297.0,94.0,7.5,3.67,3,1.4,3.9,0,2,9,No,4,1,Nepal,EMJM DS,2025,No
303.0,112.0,8.5,2.54,1,4.3,4.6,1,2,18,Yes,7,1,India,EMJM DS,2023,Yes
337.0,102.0,8.0,2.22,3,3.9,3.4,0,0,29,Yes,6,0,Nepal,EMJM Cyber,2025,No
316.0,117.0,8.5,2.49,1,1.8,3.6,0,0,25,Yes,4,0,Bangladesh,EMJM AI,2024,No
318.0,116.0,8.5,3.84,2,3.1,2.3,1,2,26,Yes,4,1,Nepal,EMJM DS,2024,Yes
334.0,104.0,8.0,2.35,5,5.0,3.4,0,0,22,Yes,7,0,Pakistan,EMJM Cyber,2022,No
324.0,110.0,8.5,2.31,3,3.7,2.5,0,0,23,Yes,5,0,Pakistan,EMJM DS,2023,No
301.0,94.0,7.5,2.96,5,2.9,3.0,0,0,17,Yes,4,0,India,EMJM AI,2025,No
331.0,105.0,8.0,3.27,3,2.5,3.4,0,0,20,Yes,4,0,Bangladesh,EMJM AI,2022,No
331.0,106.0,8.0,2.95,5,2.9,4.8,1,1,26,Yes,6,0,Pakistan,EMJM AI,2025,Yes
338.0,100.0,7.5,3.77,1,2.2,2.4,0,2,24,Yes,3,1,Nepal,EMJM DS,2025,No
293.0,120.0,9.0,3.42,3,2.2,2.6,0,1,7,No,4,0,Nepal,EMJM Cyber,2022,No
335.0,120.0,9.0,3.83,4,3.0,3.6,1,2,34,Yes,5,1,Bangladesh,EMJM DS,2022,Yes
339.0,115.0,8.5,2.56,2,1.4,4.5,1,1,30,Yes,4,0,Pakistan,EMJM Cyber,2022,No
307.0,103.0,8.0,3.97,5,2.3,2.9,0,1,20,Yes,4,0,Pakistan,EMJM Cyber,2025,No
329.0,118.0,9.0,3.99,5,1.8,3.0,1,2,19,Yes,4,1,Nepal,EMJM DS,2025,Yes
290.0,106.0,8.0,2.56,1,2.0,1.9,1,1,0,Yes,3,0,Bangladesh,EMJM DS,2023,No
302.0,113.0,8.5,3.74,1,1.9,1.4,0,2,18,Yes,2,1,Nepal,EMJM DS,2024,No
332.0,107.0,8.0,2.52,2,3.1,2.7,0,0,33,Yes,4,0,Bangladesh,EMJM AI,2024,No
319.0,97.0,7.5,2.54,1,4.5,4.8,0,0,20,Yes,7,0,Nepal,EMJM Cyber,2022,No
322.0,100.0,7.5,3.85,4,3.5,4.2,1,3,22,Yes,6,1,Bangladesh,EMJM DS,2022,Yes
338.0,115.0,8.5,2.04,3,3.0,3.3,0,0,24,Yes,5,0,Pakistan,EMJM AI,2023,No
318.0,92.0,7.0,2.67,5,1.2,4.9,1,1,26,Yes,5,0,Bangladesh,EMJM Cyber,2024,Yes
299.0,118.0,9.0,2.45,3,4.0,3.0,1,1,16,Yes,5,0,Bangladesh,EMJM DS,2025,Yes
310.0,117.0,8.5,3.6,4,3.0,3.9,1,2,22,Yes,5,1,Bangladesh,EMJM AI,2024,Yes
335.0,92.0,7.0,2.11,5,4.3,2.2,1,1,22,Yes,5,0,Pakistan,EMJM AI,2024,Yes
296.0,117.0,8.5,3.1,1,4.5,2.1,0,0,15,Yes,5,0,Nepal,EMJM AI,2023,No
326.0,107.0,8.0,3.67,2,4.3,4.7,1,3,30,Yes,7,1,Pakistan,EMJM AI,2025,Yes
327.0,118.0,9.0,3.76,3,4.0,3.3,1,3,24,Yes,6,1,India,EMJM DS,2025,Yes
301.0,106.0,8.0,3.94,1,4.1,2.7,1,3,17,Yes,5,1,Nepal,EMJM AI,2023,Yes
316.0,108.0,8.0,3.45,2,2.5,3.9,0,1,19,Yes,5,0,India,EMJM DS,2023,No
319.0,116.0,8.5,3.51,1,2.1,2.4,0,2,20,Yes,3,1,Pakistan,EMJM AI,2024,No
295.0,95.0,7.5,3.16,1,3.6,4.0,0,1,14,Yes,6,0,Pakistan,EMJM DS,2023,No
336.0,120.0,9.0,2.3,4,3.7,4.3,0,0,29,Yes,6,0,Nepal,EMJM AI,2022,No
332.0,99.0,7.5,3.96,5,1.8,4.2,0,2,21,Yes,5,1,Pakistan,EMJM AI,2022,No
335.0,92.0,7.0,2.92,2,1.2,4.8,1,2,22,Yes,5,1,Pakistan,EMJM AI,2022,Yes
305.0,110.0,8.5,3.04,2,3.8,4.1,0,1,19,Yes,6,0,Nepal,EMJM Cyber,2022,No
326.0,103.0,8.0,2.05,2,2.0,4.5,0,0,24,Yes,5,0,Nepal,EMJM AI,2023,No
339.0,114.0,8.5,2.43,5,1.6,2.0,1,0,30,Yes,3,0,Bangladesh,EMJM Cyber,2022,No
299.0,108.0,8.0,3.15,4,2.4,2.0,0,1,10,No,3,0,India,EMJM AI,2022,No
306.0,94.0,7.5,3.31,4,4.9,4.7,0,0,14,Yes,8,0,Pakistan,EMJM AI,2022,No
304.0,92.0,7.0,3.16,3,2.4,2.9,1,2,19,Yes,4,1,Nepal,EMJM AI,2024,No
299.0,98.0,7.5,2.23,4,4.2,4.1,1,1,16,Yes,6,0,Pakistan,EMJM Cyber,2022,Yes
307.0,115.0,8.5,3.67,2,1.1,4.8,1,3,14,Yes,4,1,India,EMJM Cyber,2025,Yes
336.0,113.0,8.5,3.22,5,2.1,2.1,1,2,35,Yes,3,1,Bangladesh,EMJM DS,2025,Yes
292.0,114.0,8.5,3.95,1,4.4,1.8,0,2,13,Yes,5,1,Pakistan,EMJM Cyber,2024,No
313.0,98.0,7.5,2.96,3,3.6,4.0,0,1,11,No,6,0,India,EMJM Cyber,2025,No
300.0,114.0,8.5,2.6,3,4.6,4.4,0,0,11,No,7,0,Bangladesh,EMJM Cyber,2025,No
295.0,98.0,7.5,3.17,4,4.6,1.0,1,1,14,Yes,4,0,India,EMJM Cyber,2022,No
315.0,116.0,8.5,2.25,1,1.0,3.5,0,0,18,Yes,3,0,Nepal,EMJM DS,2022,No
327.0,112.0,8.5,2.14,1,4.8,3.6,0,0,18,Yes,7,0,Nepal,EMJM AI,2022,No
316.0,119.0,9.0,3.86,4,3.7,4.6,1,3,13,Yes,6,1,India,EMJM AI,2023,Yes
325.0,94.0,7.5,2.32,5,3.8,1.5,1,0,23,Yes,4,0,Pakistan,EMJM Cyber,2025,No
324.0,99.0,7.5,2.65,2,2.1,3.2,0,1,17,Yes,4,0,Pakistan,EMJM AI,2025,No
299.0,94.0,7.5,2.81,3,1.4,3.4,1,1,10,Yes,4,0,Pakistan,EMJM AI,2024,No
324.0,117.0,8.5,3.62,5,3.7,2.3,1,2,17,Yes,5,1,Bangladesh,EMJM AI,2022,Yes
328.0,103.0,8.0,2.76,5,3.5,4.1,1,1,25,Yes,6,0,Bangladesh,EMJM Cyber,2023,Yes
313.0,101.0,7.5,3.42,4,4.5,3.3,0,1,17,Yes,6,0,Bangladesh,EMJM AI,2023,No
324.0,92.0,7.0,2.83,1,1.5,3.9,1,1,23,Yes,4,0,Bangladesh,EMJM DS,2023,No
332.0,94.0,7.5,3.49,1,4.1,4.8,1,2,21,Yes,7,1,Bangladesh,EMJM AI,2023,Yes
339.0,113.0,8.5,3.34,4,2.5,3.8,1,1,30,Yes,5,0,Bangladesh,EMJM AI,2023,Yes
317.0,117.0,8.5,2.42,4,3.2,1.3,0,0,19,Yes,3,0,Nepal,EMJM Cyber,2025,No
338.0,118.0,9.0,3.55,3,1.1,1.4,1,3,24,Yes,2,1,Bangladesh,EMJM AI,2025,No
316.0,108.0,8.0,3.99,2,2.6,2.0,0,1,13,Yes,3,0,Pakistan,EMJM AI,2023,No
327.0,99.0,7.5,3.37,3,1.6,4.3,0,1,30,Yes,4,0,Bangladesh,EMJM Cyber,2024,No
325.0,105.0,8.0,3.51,3,2.5,3.3,1,2,23,Yes,4,1,Pakistan,EMJM Cyber,2024,Yes
317.0,103.0,8.0,2.4,4,2.6,2.6,0,0,19,Yes,4,0,India,EMJM Cyber,2022,No
321.0,105.0,8.0,2.58,5,1.1,2.2,0,1,27,Yes,2,0,Pakistan,EMJM AI,2024,No
331.0,119.0,9.0,3.97,4,1.2,2.6,1,2,20,Yes,3,1,Nepal,EMJM AI,2025,Yes
312.0,116.0,8.5,2.81,4,1.8,2.3,1,2,23,Yes,3,1,India,EMJM AI,2022,Yes
330.0,111.0,8.5,3.81,4,4.3,3.3,1,2,20,Yes,6,1,India,EMJM AI,2025,Yes
322.0,113.0,8.5,2.88,4,4.8,4.9,1,2,28,Yes,8,1,Bangladesh,EMJM DS,2022,Yes
316.0,116.0,8.5,3.8,2,1.8,2.4,1,2,25,Yes,3,1,Nepal,EMJM DS,2025,Yes
333.0,116.0,8.5,3.37,2,1.0,1.6,0,1,27,Yes,2,0,Bangladesh,EMJM Cyber,2024,No
329.0,104.0,8.0,3.45,3,3.5,2.5,0,0,31,Yes,5,0,Nepal,EMJM AI,2024,No
323.0,110.0,8.5,2.98,5,1.5,4.8,0,0,28,Yes,5,0,India,EMJM DS,2025,No
335.0,96.0,7.5,2.29,3,3.5,3.1,0,0,34,Yes,5,0,Pakistan,EMJM AI,2025,No
315.0,119.0,9.0,2.14,4,3.0,3.9,0,0,18,Yes,5,0,Pakistan,EMJM DS,2024,No
324.0,111.0,8.5,2.62,4,3.8,3.5,0,1,29,Yes,6,0,Pakistan,EMJM Cyber,2023,No
291.0,98.0,7.5,3.32,3,1.1,4.6,0,1,12,Yes,4,0,Pakistan,EMJM DS,2022,No
333.0,114.0,8.5,2.59,2,3.7,4.7,0,1,27,Yes,7,0,Bangladesh,EMJM Cyber,2024,No
315.0,92.0,7.0,2.38,5,3.8,4.6,1,0,12,Yes,6,0,India,EMJM AI,2023,Yes
321.0,102.0,8.0,3.9,5,3.1,4.9,0,1,27,Yes,6,0,India,EMJM AI,2022,Yes
320.0,112.0,8.5,3.32,2,4.8,1.3,0,1,15,Yes,5,0,India,EMJM DS,2025,No
313.0,111.0,8.5,3.07,1,4.6,1.0,1,2,11,Yes,4,1,India,EMJM DS,2022,No
322.0,100.0,7.5,3.84,3,3.3,3.3,0,1,16,Yes,5,0,India,EMJM DS,2022,No
327.0,116.0,8.5,2.86,3,3.9,3.8,1,1,24,Yes,6,0,Nepal,EMJM Cyber,2022,Yes
340.0,99.0,7.5,3.55,1,2.4,3.7,0,2,36,Yes,5,1,Bangladesh,EMJM Cyber,2024,No
334.0,95.0,7.5,3.34,4,2.4,3.2,0,0,22,Yes,4,0,India,EMJM Cyber,2023,No
339.0,97.0,7.5,3.09,1,4.2,2.4,1,1,36,Yes,5,0,Pakistan,EMJM AI,2025,No
337.0,99.0,7.5,2.8,3,3.8,4.2,1,2,35,Yes,6,1,Nepal,EMJM AI,2025,Yes
308.0,117.0,8.5,3.95,4,1.9,2.9,1,2,9,Yes,4,1,India,EMJM AI,2025,Yes
317.0,103.0,8.0,2.12,5,1.7,1.6,1,0,25,Yes,2,0,Pakistan,EMJM DS,2022,No
337.0,102.0,8.0,2.67,4,4.6,4.0,1,1,29,Yes,7,0,Pakistan,EMJM DS,2022,No
325.0,109.0,8.0,3.45,2,4.9,4.5,1,1,17,Yes,7,0,Bangladesh,EMJM AI,2022,Yes
295.0,103.0,8.0,3.2,1,2.0,3.3,1,1,8,Yes,4,0,India,EMJM Cyber,2024,No
328.0,100.0,7.5,2.14,3,3.4,1.5,1,1,31,Yes,4,0,Pakistan,EMJM AI,2025,No
339.0,110.0,8.5,3.62,3,3.3,3.3,1,3,30,Yes,5,1,Nepal,EMJM Cyber,2025,Yes
316.0,102.0,8.0,3.14,1,3.4,3.9,0,1,25,Yes,6,0,Pakistan,EMJM Cyber,2024,No
340.0,103.0,8.0,2.39,3,4.3,3.3,1,1,25,Yes,6,0,India,EMJM AI,2023,No
325.0,113.0,8.5,3.58,4,4.5,4.5,0,1,23,Yes,7,0,India,EMJM DS,2023,No
332.0,115.0,8.5,2.43,1,1.1,2.2,1,0,33,Yes,2,0,Nepal,EMJM AI,2024,No
302.0,107.0,8.0,2.37,3,4.1,4.2,0,0,12,Yes,6,0,Pakistan,EMJM AI,2024,No
308.0,107.0,8.0,3.75,1,3.0,2.8,1,2,21,Yes,4,1,Pakistan,EMJM Cyber,2024,Yes
290.0,106.0,8.0,3.4,2,2.5,3.7,1,2,0,Yes,5,1,Pakistan,EMJM Cyber,2022,Yes
333.0,106.0,8.0,2.22,4,2.1,1.2,1,1,27,Yes,2,0,India,EMJM AI,2024,No
298.0,120.0,9.0,3.85,4,4.3,4.0,1,3,16,Yes,6,1,Bangladesh,EMJM DS,2024,Yes
311.0,115.0,8.5,3.83,2,1.9,3.9,0,1,16,Yes,4,0,India,EMJM AI,2024,No
338.0,103.0,8.0,3.15,2,1.3,4.0,1,2,36,Yes,4,1,India,EMJM Cyber,2023,No
307.0,113.0,8.5,3.91,1,2.9,1.4,1,2,8,Yes,3,1,Bangladesh,EMJM AI,2025,Yes
339.0,93.0,7.0,3.92,5,3.8,3.9,1,3,24,Yes,6,1,Nepal,EMJM DS,2024,Yes
301.0,103.0,8.0,3.92,2,3.7,4.0,1,3,5,Yes,6,1,Pakistan,EMJM Cyber,2022,Yes
313.0,92.0,7.0,3.95,3,4.3,2.8,1,3,23,Yes,5,1,Bangladesh,EMJM Cyber,2023,Yes
326.0,93.0,7.0,2.41,3,1.1,3.7,0,0,30,Yes,4,0,Pakistan,EMJM DS,2024,No
303.0,119.0,9.0,2.54,3,4.5,1.2,0,1,6,No,4,0,Bangladesh,EMJM Cyber,2023,No
297.0,93.0,7.0,2.85,3,1.5,2.2,0,1,9,No,3,0,Bangladesh,EMJM DS,2023,No
308.0,115.0,8.5,2.3,4,2.5,2.3,1,1,21,Yes,4,0,Nepal,EMJM DS,2025,No
305.0,106.0,8.0,2.23,3,3.5,5.0,0,0,13,Yes,7,0,Pakistan,EMJM Cyber,2022,No
333.0,114.0,8.5,2.2,5,4.4,1.0,0,0,27,Yes,4,0,Nepal,EMJM DS,2022,No
300.0,104.0,8.0,3.29,1,4.6,1.5,1,1,5,Yes,5,0,Nepal,EMJM AI,2024,No
340.0,111.0,8.5,2.6,2,3.1,2.9,1,1,36,Yes,5,0,India,EMJM DS,2025,No
337.0,114.0,8.5,3.38,4,4.7,1.5,1,2,23,Yes,5,1,India,EMJM DS,2024,Yes
319.0,119.0,9.0,2.48,1,2.9,1.4,0,0,26,Yes,3,0,Nepal,EMJM DS,2022,No
319.0,97.0,7.5,3.1,4,2.7,3.3,1,1,14,Yes,5,0,Bangladesh,EMJM Cyber,2023,Yes
304.0,116.0,8.5,2.07,5,3.4,3.4,1,1,7,Yes,5,0,Pakistan,EMJM Cyber,2023,Yes
328.0,96.0,7.5,3.53,2,4.4,3.5,1,2,31,Yes,6,1,Pakistan,EMJM Cyber,2023,Yes
319.0,112.0,8.5,3.78,1,2.4,4.9,1,3,26,Yes,6,1,Bangladesh,EMJM AI,2023,Yes
296.0,97.0,7.5,2.23,5,3.9,1.3,0,0,3,No,4,0,India,EMJM DS,2025,No
336.0,109.0,8.0,2.01,4,1.1,3.2,0,0,29,Yes,3,0,India,EMJM Cyber,2022,No
301.0,94.0,7.5,2.13,1,1.2,2.5,0,0,5,No,3,0,Bangladesh,EMJM AI,2022,No
296.0,118.0,9.0,3.85,5,4.9,4.6,0,2,3,No,7,1,Nepal,EMJM Cyber,2022,No
297.0,95.0,7.5,2.71,5,2.3,4.6,1,1,9,Yes,5,0,Bangladesh,EMJM AI,2023,Yes
290.0,105.0,8.0,2.14,3,3.5,2.6,1,1,12,Yes,5,0,Nepal,EMJM AI,2025,No
311.0,120.0,9.0,3.49,4,2.6,2.7,1,2,22,Yes,4,1,India,EMJM AI,2025,Yes
306.0,112.0,8.5,2.17,1,4.1,2.9,1,1,8,Yes,5,0,Pakistan,EMJM Cyber,2022,Yes
328.0,112.0,8.5,2.7,5,3.6,3.1,1,2,25,Yes,5,1,India,EMJM AI,2024,Yes
305.0,109.0,8.0,2.68,4,4.5,3.8,1,2,7,Yes,6,1,Nepal,EMJM Cyber,2022,Yes
310.0,101.0,7.5,3.58,2,1.6,4.1,1,3,16,Yes,4,1,India,EMJM AI,2025,Yes
315.0,120.0,9.0,2.23,3,3.1,3.1,0,0,24,Yes,5,0,Bangladesh,EMJM DS,2024,No
333.0,107.0,8.0,3.12,5,2.8,2.8,0,1,21,Yes,4,0,Nepal,EMJM AI,2023,No
291.0,106.0,8.0,2.21,1,3.8,2.0,0,0,0,No,4,0,Nepal,EMJM DS,2024,No
334.0,96.0,7.5,3.0,5,5.0,3.1,0,0,22,Yes,6,0,Bangladesh,EMJM DS,2025,No
307.0,118.0,9.0,2.77,4,4.7,4.0,1,1,20,Yes,7,0,India,EMJM AI,2022,Yes
295.0,95.0,7.5,2.77,4,1.1,4.1,1,2,2,Yes,4,1,Nepal,EMJM Cyber,2022,Yes
304.0,96.0,7.5,3.62,1,4.7,4.7,1,2,7,Yes,7,1,India,EMJM DS,2024,Yes
333.0,120.0,9.0,2.99,1,4.6,4.1,0,0,27,Yes,7,0,Bangladesh,EMJM Cyber,2023,No
299.0,117.0,8.5,2.52,4,4.4,4.1,1,1,4,Yes,7,0,Pakistan,EMJM Cyber,2023,Yes
339.0,111.0,8.5,3.67,2,2.8,2.7,1,2,36,Yes,4,1,Pakistan,EMJM Cyber,2025,Yes
340.0,98.0,7.5,2.72,4,4.5,5.0,0,1,36,Yes,7,0,Pakistan,EMJM DS,2022,No
296.0,114.0,8.5,2.07,1,3.2,2.6,0,0,9,No,4,0,Nepal,EMJM Cyber,2022,No
331.0,111.0,8.5,4.0,3,3.6,1.0,0,3,32,Yes,3,1,Nepal,EMJM DS,2022,No
332.0,98.0,7.5,3.71,1,4.6,3.8,1,3,21,Yes,6,1,India,EMJM DS,2025,Yes
299.0,117.0,8.5,3.24,5,4.1,2.7,0,0,4,No,5,0,Bangladesh,EMJM DS,2023,No
328.0,112.0,8.5,3.43,1,4.6,3.8,1,2,31,Yes,6,1,Nepal,EMJM DS,2023,Yes
331.0,103.0,8.0,3.77,4,4.1,1.5,0,2,20,Yes,4,1,Bangladesh,EMJM Cyber,2022,No
324.0,119.0,9.0,3.5,4,3.7,4.4,1,2,17,Yes,6,1,Pakistan,EMJM AI,2024,Yes
333.0,119.0,9.0,3.56,5,2.3,1.2,0,2,27,Yes,2,1,Bangladesh,EMJM DS,2022,No
300.0,107.0,8.0,3.95,3,4.8,2.5,0,1,5,No,6,0,Bangladesh,EMJM AI,2022,No
301.0,117.0,8.5,2.08,1,3.0,3.3,0,0,17,Yes,5,0,Bangladesh,EMJM AI,2023,No
331.0,119.0,9.0,2.44,1,3.8,3.7,0,0,20,Yes,6,0,India,EMJM AI,2023,No
319.0,109.0,8.0,3.39,2,3.5,3.3,1,1,26,Yes,5,0,Nepal,EMJM AI,2025,Yes
329.0,118.0,9.0,2.2,4,4.9,2.4,0,0,25,Yes,6,0,India,EMJM AI,2022,No
292.0,103.0,8.0,2.74,2,3.8,1.2,1,1,7,Yes,4,0,Bangladesh,EMJM Cyber,2025,No
339.0,110.0,8.5,2.23,5,4.7,1.0,1,1,30,Yes,4,0,Pakistan,EMJM DS,2024,Yes
312.0,119.0,9.0,3.59,5,2.6,2.2,1,3,23,Yes,4,1,India,EMJM Cyber,2023,Yes
292.0,100.0,7.5,3.27,1,1.2,1.7,1,1,1,Yes,2,0,Bangladesh,EMJM Cyber,2023,No
332.0,114.0,8.5,3.27,5,2.8,1.5,0,1,21,Yes,3,0,Nepal,EMJM AI,2025,No
336.0,105.0,8.0,2.98,3,1.2,2.2,1,2,23,Yes,2,1,Nepal,EMJM DS,2022,No
326.0,112.0,8.5,2.35,1,4.0,4.2,1,1,24,Yes,6,0,Pakistan,EMJM AI,2025,No
328.0,118.0,9.0,2.04,2,4.1,3.3,0,0,31,Yes,6,0,Nepal,EMJM DS,2022,No
295.0,103.0,8.0,3.83,2,2.2,1.4,0,2,14,Yes,3,1,India,EMJM DS,2023,No
304.0,96.0,7.5,2.12,3,3.7,4.0,1,1,7,Yes,6,0,India,EMJM Cyber,2025,No
332.0,108.0,8.0,2.68,2,3.4,2.7,0,0,21,Yes,5,0,Nepal,EMJM DS,2024,No
320.0,107.0,8.0,3.7,4,1.2,4.2,0,1,15,Yes,4,0,Nepal,EMJM DS,2025,No
331.0,108.0,8.0,2.7,2,3.0,2.9,1,2,26,Yes,4,1,Pakistan,EMJM DS,2023,No
337.0,107.0,8.0,3.7,4,1.7,1.2,0,1,35,Yes,2,0,Nepal,EMJM DS,2022,No
317.0,101.0,7.5,3.98,5,2.3,2.9,0,2,25,Yes,4,1,India,EMJM AI,2024,No
338.0,117.0,8.5,3.63,4,4.0,3.8,0,2,30,Yes,6,1,India,EMJM Cyber,2023,No
311.0,97.0,7.5,2.93,3,2.3,2.5,0,0,10,No,4,0,Nepal,EMJM AI,2024,No
336.0,112.0,8.5,3.34,4,1.6,2.1,0,1,23,Yes,3,0,Pakistan,EMJM DS,2023,No
339.0,101.0,7.5,2.34,5,3.9,3.5,1,0,24,Yes,6,0,Pakistan,EMJM AI,2023,Yes
304.0,113.0,8.5,2.91,3,4.2,3.4,0,1,7,No,6,0,Bangladesh,EMJM Cyber,2022,No
305.0,116.0,8.5,3.24,2,3.0,2.4,1,2,7,Yes,4,1,Bangladesh,EMJM Cyber,2023,No
304.0,120.0,9.0,2.66,4,1.7,1.6,0,0,19,Yes,2,0,Pakistan,EMJM AI,2023,No
332.0,110.0,8.5,3.44,4,3.3,2.0,1,2,27,Yes,4,1,India,EMJM DS,2022,Yes
293.0,102.0,8.0,2.66,5,4.3,3.6,0,1,1,No,6,0,India,EMJM DS,2023,No
296.0,106.0,8.0,3.89,3,4.4,2.1,1,2,15,Yes,5,1,India,EMJM DS,2022,Yes
335.0,99.0,7.5,2.66,1,3.5,1.9,1,1,34,Yes,4,0,India,EMJM Cyber,2022,No
305.0,120.0,9.0,3.0,5,4.4,2.0,1,1,19,Yes,5,0,India,EMJM Cyber,2023,Yes
293.0,111.0,8.5,2.56,2,2.7,1.7,1,1,1,Yes,3,0,Nepal,EMJM DS,2023,No
337.0,106.0,8.0,2.79,1,4.3,2.5,0,1,29,Yes,5,0,India,EMJM Cyber,2024,No
306.0,105.0,8.0,3.0,2,2.0,4.1,0,0,14,Yes,5,0,Bangladesh,EMJM DS,2025,No
306.0,94.0,7.5,3.72,2,1.6,1.5,1,2,20,Yes,2,1,India,EMJM Cyber,2024,No
